hash,dps-satcomp2023,gimsatul,mallob23-parallel-1,mallob23-parallel-2,nps-satcomp2023,pahkis23,pakisinc23,satcomp-mergesat,satcomp-nopre-prs,satcomp-pkisds,satcomp-pkisds-step,satcomp-pkissat,satcomp-pkissat-str,satcomp-prs,satcomp-solimul-parallel,aresult
004b0f451f7d96f6a572e9e76360f51a,17.337,28.708,21.384,30.013,10.41,20.002,11.101,433.255,46.379,47.957,51.127,49.905,63.984,27.366,430.24,unsat
008e7716c69009090ff6bd0048dc55f8,48.53,51.862,51.8,71.614,48.991,109.097,91.096,211.808,88.954,80.398,87.406,67.391,62.383,73.448,75.988,unsat
00a981f385cd209d41e1efa1f5f29bac,1.503,1.387,1.16,1.674,1.045,1.184,1.183,67.144,1.513,2.543,1.526,1.58,1.586,0.881,3.85,sat
00b46ace235e3915a439c77a231a5657,10000.0,10000.0,10000.0,10000.0,10000.0,10000.0,10000.0,4294.521,4933.81,10000.0,10000.0,10000.0,10000.0,10000.0,2695.507,sat
00bb0b4ef28ed38c49de4c54b9fabc4d,10000.0,10000.0,10000.0,10000.0,10000.0,10000.0,10000.0,10000.0,10000.0,10000.0,10000.0,10000.0,10000.0,216.078,10000.0,sat
00f2eb377986e7decbc863931680a3b2,2.632,1.203,2.87,2.985,0.747,3.04,2.038,8.105,1.676,2.075,2.073,2.076,2.078,1.738,0.655,unsat
00f4aca773e5675f35263dcd46b15bde,6.516,3.016,3.301,5.088,4.841,6.059,1.056,31.102,2.529,2.118,20.127,2.12,4.166,1.583,142.341,sat
017ba03ed108f492c9293c7c95e5cae9,978.016,2772.916,841.585,868.8,1029.465,2104.184,1929.171,10000.0,714.686,1852.231,1792.232,705.13,638.142,22.97,710.713,unsat
0191a0bf3412ed407ba669f8d69081ee,3.585,3.611,7.771,5.323,2.316,8.064,7.066,24.19,3.729,7.148,6.148,5.146,4.192,7.21,19.993,sat
01966a0fc52b2200a13f5f835275a919,64.516,167.166,70.015,56.72,66.18,904.11,554.089,3377.513,268.798,476.168,448.161,326.147,362.174,259.121,425.049,unsat
01bd0865ab694bc71d80b7d285d5777d,76.942,23.309,64.42,79.547,59.442,54.144,68.227,997.47,66.145,68.38,64.388,58.214,54.339,55.767,67.6,unsat
01dd5feb463fa80f73809718f6ff735b,93.858,48.71,108.454,107.064,87.136,43.418,30.417,355.615,28.597,35.417,36.429,29.133,27.951,27.73,85.111,unsat
02066c116dbacc40ec5cca2067db26c0,3.576,1.284,4.565,4.853,1.987,4.039,3.038,92.094,2.676,3.059,3.061,3.06,3.067,2.73,4.537,unsat
028d0cc7af63e9bba5795f20e24db4f6,0.238,0.179,0.773,0.888,0.288,2.048,1.047,33.205,0.492,1.16,1.159,1.166,1.171,0.335,1.849,sat
0297c2a35f116ffd5382aea5b421e6df,1.169,0.755,1.972,2.255,0.86,8.033,3.032,4.438,0.838,1.035,1.034,1.036,1.036,0.898,1.047,unsat
02c6fe8483e4f4474b7ac9731772535d,75.363,611.512,47.705,62.537,64.009,77.719,116.066,730.966,55.678,54.157,54.004,47.332,47.975,25.661,562.445,unsat
0336f81b60baac5b8f481dd3c32861a5,5.869,29.341,7.779,14.089,2.843,79.082,11.075,139.405,9.648,7.132,6.133,3.132,13.193,8.612,44.765,sat
036b541db9d0839b0591d408ff4f77ae,22.616,22.71,36.697,42.606,20.997,51.431,35.37,735.617,37.375,46.126,46.094,41.829,43.045,42.955,178.965,unsat
037c423f56548082b1935e88c48ffdda,0.057,0.039,0.671,0.684,0.057,1.031,1.031,0.683,0.136,1.033,1.034,1.035,1.036,0.196,0.847,sat
037d21e060a2e3eab8b080aa84ceee75,0.367,1.232,0.869,0.983,0.324,1.069,1.069,12.227,0.53,1.141,1.142,1.144,1.21,0.446,1.947,sat
03a43a7ea55217f53542ed3f029963af,800.77,10000.0,1859.764,2299.221,610.387,1700.174,1155.165,10000.0,1878.865,2015.338,3633.489,1778.313,1619.336,1342.617,10000.0,unsat
03de316ba1e90305471a3b8620cb9cd7,0.051,0.053,0.566,0.583,0.052,1.032,1.033,0.41,0.054,1.043,1.044,1.045,1.049,0.106,0.654,sat
03e9d1abe418a1727bbf2ead77d69d02,1060.523,10000.0,1129.656,967.709,1045.089,10000.0,10000.0,10000.0,2146.31,10000.0,10000.0,3810.393,3874.493,1997.035,4830.482,unsat
06b138e8a6da806e88ac7da2919cef30,94.463,54.346,116.454,143.708,95.583,72.153,74.182,3195.088,80.782,77.786,75.807,67.777,68.757,78.795,239.905,unsat
075ca0a158690a55b7254d9aaee2e103,110.872,35.217,185.499,187.837,87.364,230.157,291.159,381.02,137.21,63.558,60.553,16.51,17.509,182.527,57.586,unsat
0811f761eee5e4ef28196fd98884a67b,400.764,811.168,440.985,563.734,395.518,878.098,782.093,10000.0,416.729,957.15,969.151,403.096,428.118,6.482,389.716,unsat
08455b2e1e6fda910989f0481a20f1c3,183.154,176.831,249.167,66.253,95.733,70.941,55.972,10000.0,150.279,50.315,49.309,46.487,46.339,43.087,135.354,unsat
090eefb9bc472f6478e70baf2c6d2403,10000.0,3311.212,2959.504,2965.72,10000.0,3288.943,2030.997,10000.0,2487.646,2524.551,4382.478,10000.0,10000.0,2003.162,10000.0,sat
0945c95ba9b82c32d12fc9d9e5229c5a,10000.0,10000.0,10000.0,10000.0,10000.0,10000.0,10000.0,10000.0,10000.0,10000.0,10000.0,10000.0,10000.0,10000.0,10000.0,unknown
096ac97e4261eabca440fc7bc135d7c0,19.668,29.001,16.67,38.699,14.725,30.591,19.584,183.665,16.56,17.58,20.555,14.863,21.87,18.254,288.148,sat
0982db5b0b15642e79e8242881529b39,10000.0,10000.0,10000.0,10000.0,10000.0,10000.0,10000.0,10000.0,10000.0,10000.0,10000.0,10000.0,10000.0,10000.0,10000.0,unknown
0a279c478775cdeede51ad431aebf200,10000.0,10000.0,10000.0,10000.0,10000.0,10000.0,10000.0,10000.0,1859.637,10000.0,1850.227,10000.0,10000.0,140.979,10000.0,sat
0a4ed112f2cdc0a524976a15d1821097,10000.0,10000.0,3490.257,4585.544,10000.0,10000.0,10000.0,10000.0,10000.0,10000.0,10000.0,10000.0,10000.0,10000.0,10000.0,unsat
0ae0c5a4fb9001d63669a0aa5b592167,10000.0,10000.0,10000.0,10000.0,10000.0,10000.0,10000.0,10000.0,10000.0,10000.0,10000.0,10000.0,10000.0,490.425,10000.0,unsat
0be1e12a8e7282d1a4e389bb90f6dbc7,10000.0,10000.0,10000.0,10000.0,10000.0,10000.0,10000.0,10000.0,10000.0,10000.0,10000.0,10000.0,10000.0,10000.0,10000.0,unknown
0c9da400944b002f90fd385d4fdab385,33.503,21.122,30.093,36.508,28.542,38.411,38.365,1710.84,30.895,1.834,1.848,1.853,2.418,30.0,1.939,sat
0d3e99a07b6a6b67ac59d706c0af9d68,811.842,610.034,708.821,905.879,813.394,608.371,487.362,10000.0,866.085,632.354,646.404,705.303,851.395,802.605,721.92,unsat
0eb98926b26343d31954169dfbde2b24,10000.0,349.993,307.015,225.557,10000.0,10000.0,10000.0,1537.286,121.138,213.978,208.991,64.971,65.957,121.52,292.327,unsat
0ef0d91d378eab41ba6fb9dfc9b87fc8,469.996,701.828,447.122,514.92,416.547,1194.311,731.261,2260.904,321.736,652.232,582.084,381.493,393.37,369.94,1043.663,unsat
10196804504080e7107809a2e5b3bfcc,5.227,17.74,25.68,4.849,18.072,6.112,9.113,110.728,26.052,61.316,7.293,23.321,38.353,48.581,15.165,sat
112b0ac22b2a567cd3badfed3a5497fd,11.313,47.446,14.086,16.286,7.534,18.037,18.043,144.55,7.081,17.045,14.044,13.046,13.047,0.065,16.254,unsat
1153a473e1d5dd21ccd33189d594a4aa,10000.0,10000.0,10000.0,10000.0,10000.0,10000.0,10000.0,10000.0,10000.0,10000.0,10000.0,10000.0,10000.0,10000.0,10000.0,unknown
11db226d109e82f93aaa3b2604173ff9,10000.0,10000.0,10000.0,10000.0,10000.0,10000.0,10000.0,10000.0,10000.0,10000.0,10000.0,10000.0,10000.0,10000.0,0.627,unsat
14a5ff0d6213dcfe182ec656764bbdfb,10000.0,335.892,183.712,137.792,10000.0,505.247,10000.0,1067.227,91.26,163.982,159.971,48.968,51.979,94.116,186.185,unsat
150b5f8cac40bb4e0fcbdd65c3c04701,10000.0,10000.0,10000.0,10000.0,1500.033,10000.0,4481.151,10000.0,10000.0,10000.0,10000.0,10000.0,10000.0,10000.0,10000.0,sat
15a2ec07aaca45d454a2fbfc0624e75e,829.009,779.345,770.847,591.448,447.311,363.147,345.447,10000.0,10000.0,137.893,132.42,116.311,111.859,149.676,603.88,unsat
15c53f73c62a78c24bf5974e4a7afcd8,10000.0,10000.0,10000.0,10000.0,1116.522,10000.0,10000.0,10000.0,10000.0,2007.252,10000.0,10000.0,10000.0,60.888,10000.0,sat
17039a3ed02ea12653ec5389e56dab50,0.136,0.281,0.662,0.67,0.135,1.036,1.035,1.956,0.257,1.049,1.049,1.051,1.058,0.326,0.752,unsat
177a4ad8fd76ad8240387998112c3168,17.027,36.258,12.669,26.082,15.334,18.593,26.572,254.17,18.095,21.69,23.582,22.922,16.926,20.692,479.373,sat
18416a9ac0909dce5fa96345f784c87e,10000.0,10000.0,10000.0,10000.0,10000.0,10000.0,10000.0,10000.0,10000.0,10000.0,10000.0,10000.0,10000.0,10000.0,10000.0,unknown
189e5991b041a89700513106988e720d,10000.0,10000.0,10000.0,10000.0,10000.0,10000.0,10000.0,10000.0,10000.0,10000.0,10000.0,10000.0,10000.0,10000.0,10000.0,unknown
18babbd2835b8a37c6299f8b0301c7c9,0.52,1.319,0.862,1.161,0.472,1.224,1.271,99.63,0.823,1.471,1.488,1.554,1.547,0.621,10000.0,sat
19004c7d629f7e6e83c6e1d7a9a768a9,3.708,5.13,3.854,4.37,1.644,9.039,5.039,18.404,3.874,5.072,5.075,4.072,4.077,3.636,4.044,unsat
1932e1e8f0c78372759909e45a19ecc7,1.153,1.381,3.963,1.772,3.619,1.233,1.218,122.401,44.332,2.319,1.308,1.399,1.392,0.477,10000.0,sat
19c6a29181bee2f3aa03bfb5c5d693d0,92.297,118.688,53.999,54.209,132.597,130.064,93.058,2061.807,33.672,88.125,83.115,46.111,65.125,40.91,150.766,unsat
1a20649a8c79d6675d934cec271d573f,10000.0,10000.0,10000.0,10000.0,10000.0,10000.0,10000.0,10000.0,10000.0,10000.0,10000.0,10000.0,10000.0,10000.0,10000.0,unknown
1a40d2d8c589799a0d267cae03fcd4c5,12.79,4.039,7.164,20.178,24.334,95.055,2000.189,32.735,18.137,1.072,1.073,1.072,1.091,86.437,0.847,sat
1a63072b90f88c7fa621b5041f412b79,244.86,79.748,304.41,455.423,416.614,703.222,615.236,715.212,538.344,155.682,158.673,34.646,35.644,535.419,119.932,unsat
1a6a635f5b959e191ec705b2f236568a,2.241,1.507,2.515,3.472,0.844,3.081,2.087,57.761,1.999,2.361,2.371,2.352,2.352,2.175,5.139,unsat
1aa7cd96ab1f7bf58984deccf8362ab4,3.784,2.081,4.172,4.472,1.236,4.04,3.04,18.869,2.678,3.075,3.079,3.079,3.082,2.74,0.657,unsat
1b02025658c2a23e1fd3ce0a9c3633cb,49.978,28.872,53.901,76.73,50.293,190.341,218.341,79.315,273.562,22.647,22.703,5.806,8.809,155.33,11.256,sat
1b86f59ce4c43f19f0ad1238f8c362b4,11.53,4.675,14.068,15.285,5.985,17.599,22.604,223.062,15.192,20.511,19.488,15.696,16.797,10.346,88.819,sat
1ce81dbba1292bf791e194b17aa2a219,297.739,1041.751,263.756,274.694,295.749,230.07,856.11,10000.0,281.994,642.2,298.17,246.162,242.17,299.948,1430.917,unsat
1d1af993697599892804df5878d58979,0.577,1.031,0.867,1.17,0.618,1.231,1.227,58.274,0.964,1.517,1.516,1.589,1.606,0.653,9.845,sat
1d42a7c3616ce163e292340cfcd34f97,10000.0,10000.0,10000.0,10000.0,10000.0,10000.0,10000.0,10000.0,10000.0,10000.0,10000.0,10000.0,10000.0,10000.0,10000.0,unknown
1ea7fe95e6158afe11f7b795b9aac939,10000.0,10000.0,10000.0,10000.0,10000.0,10000.0,10000.0,10000.0,10000.0,10000.0,10000.0,10000.0,10000.0,10000.0,10000.0,unknown
1eea3d913d346b900252d77fc0cb25c8,461.171,2448.154,172.389,586.506,27.776,224.055,639.083,10000.0,392.891,358.089,363.092,111.066,115.075,774.066,215.283,sat
1f215812371f0c428eb1f1e51f9f23d7,10000.0,10000.0,10000.0,10000.0,10000.0,10000.0,10000.0,10000.0,641.586,10000.0,10000.0,10000.0,10000.0,166.541,10000.0,sat
1f6cf91464c6a19022144774b162a3cc,14.136,62.753,16.674,14.689,10.865,146.058,103.059,1075.627,136.242,78.12,79.123,64.12,64.141,50.952,97.818,unsat
20be6aa61af15fd53b4c48eb3f2f3319,10000.0,10000.0,2057.381,10000.0,10000.0,10000.0,10000.0,10000.0,10000.0,10000.0,10000.0,10000.0,10000.0,91.468,10000.0,sat
20cae5fe475d571da703f89d5da4bb8f,47.701,19.333,47.886,65.722,38.013,37.103,33.121,1183.145,34.724,37.48,37.464,36.453,36.449,36.814,62.883,unsat
211938776d92f11870a687abd11d55a4,0.04,0.04,0.559,0.576,0.041,1.033,1.033,0.295,0.054,1.037,1.037,1.039,1.04,0.102,0.641,unsat
21667cf04beae213adbab0d48408a7e4,10000.0,272.829,251.853,200.879,10000.0,10000.0,10000.0,1331.343,106.33,200.025,198.981,55.961,60.993,105.101,273.819,unsat
21bde0ebb111c637a1ae8789827b0b73,10000.0,10000.0,10000.0,10000.0,10000.0,10000.0,10000.0,10000.0,10000.0,10000.0,10000.0,10000.0,10000.0,10000.0,0.647,unsat
220bb8aa093e502c47afcdac3140d67c,0.104,0.451,0.869,0.682,0.104,1.045,4.057,6.893,0.551,1.078,1.078,1.079,1.104,0.26,1.148,sat
22d0a2fdc65d884c2bbde56af9feba4a,10000.0,1779.082,10000.0,10000.0,10000.0,10000.0,2837.3,10000.0,1338.921,2339.309,2729.362,1888.278,1714.309,2050.044,4581.468,unsat
23c4e178c94c0dff82ea6c87abed7ecc,10000.0,10000.0,10000.0,10000.0,10000.0,10000.0,10000.0,10000.0,10000.0,10000.0,10000.0,10000.0,10000.0,10000.0,10000.0,unknown
246afd75cb97a21144f368c00252a656,54.819,229.715,65.712,54.607,51.418,525.071,291.055,1614.514,141.459,290.073,286.071,197.064,203.072,0.062,0.645,unsat
24b93d0bf941e4b050c9109e4cb7faf4,0.044,0.073,0.56,0.566,0.044,1.033,1.033,1.133,0.145,1.042,1.043,1.042,1.045,0.204,0.762,sat
24bf910d2b9da558fb3e71a4dbe79ba3,0.741,0.385,0.867,0.888,0.082,2.035,3.035,3.757,0.349,1.046,1.046,1.047,1.051,0.211,3.058,sat
2537f10a45d7ab430334dc1de6bfbdf0,15.42,31.502,13.169,24.691,20.398,23.633,50.945,229.955,18.801,22.573,25.613,20.945,19.846,12.437,2290.743,sat
25b7a69d04a5029cf4ba2f483b5bec45,107.423,66.227,40.79,54.224,51.894,360.355,737.381,52.254,297.178,14.649,5.639,10.817,3.814,464.187,67.092,sat
26114429758a203d651f4df87c94de4c,3.997,1.48,4.459,4.875,1.984,6.039,5.039,24.657,4.177,4.05,4.05,4.052,4.053,4.035,6.731,unsat
262009b8df6350761c7dfc8761f0af79,2964.515,1315.79,4035.709,3442.094,3129.835,3778.299,3259.268,10000.0,1372.287,2742.348,2608.335,1807.262,1826.32,1108.774,1881.136,unsat
2722f39c27dc45a989bb52761ed52e50,10000.0,10000.0,10000.0,10000.0,10000.0,10000.0,10000.0,10000.0,10000.0,10000.0,10000.0,10000.0,10000.0,83.79,10000.0,sat
275d36e3f246990dccd094e5e1442ba9,10000.0,10000.0,3792.998,3276.691,10000.0,10000.0,10000.0,10000.0,10000.0,10000.0,10000.0,10000.0,10000.0,10000.0,10000.0,unsat
27b4fe4cb0b4e2fd8327209ca5ff352c,0.043,0.053,0.57,0.581,0.043,1.03,1.03,0.067,0.136,1.034,1.034,1.036,1.036,0.199,0.641,unsat
28857e681fc6a9077d5a7d0e9c7a19ad,167.501,207.522,158.599,66.772,121.414,69.911,60.834,10000.0,161.423,55.835,58.135,50.083,51.078,46.894,168.375,unsat
28e45a3e488ddac73b6116cc6f3e67e0,5.955,26.855,4.479,6.108,6.015,4.131,4.131,2505.406,23.202,50.371,49.205,48.629,47.081,8.585,39.507,unsat
28f29fe949422ec88892e18073de065c,3.018,0.868,2.774,2.964,1.787,3.034,3.034,37.445,2.152,3.045,3.046,3.047,3.051,2.211,4.752,unsat
2902c241b2196f5fd914509fdc124ba7,10000.0,10000.0,10000.0,10000.0,10000.0,10000.0,10000.0,10000.0,10000.0,10000.0,10000.0,10000.0,10000.0,10000.0,10000.0,unknown
291c2b4fa2d8b009cd2a8331891ba667,9.206,4.891,17.184,20.491,17.738,15.643,15.871,269.997,19.236,18.636,18.618,16.817,17.921,11.173,154.93,sat
29505dfcf090c4cfdfb59268160be81d,678.905,568.434,675.65,260.226,330.046,244.366,279.549,10000.0,584.877,141.306,136.301,125.544,128.46,110.168,521.198,unsat
29bab0de14e56e526be9683131005cb2,11.132,4.334,9.378,8.076,5.345,7.035,75.042,368.056,15.175,9.053,2.05,2.054,3.057,26.446,11.057,sat
29e101b66dfddb440e974b9feec5b1aa,12.175,39.625,12.082,17.905,9.525,8.557,8.477,215.361,28.818,29.519,42.352,31.353,28.459,18.283,9.566,unsat
2a144840047376cee3b7b99455158976,8.7,5.753,8.779,9.687,4.158,7.063,6.057,55.389,4.715,6.145,6.145,5.146,5.171,4.799,16.858,unsat
2a4680a801ad32ab8768030250daf0c8,10000.0,10000.0,10000.0,10000.0,10000.0,10000.0,10000.0,10000.0,10000.0,10000.0,10000.0,10000.0,10000.0,10000.0,10000.0,unknown
2b3de92685792ae19e4549b5c4571e27,38.077,61.169,45.524,51.143,32.986,74.951,55.958,2971.676,64.246,74.829,54.874,51.659,49.836,52.257,83.228,unsat
2b7e863462991fd008f9898eca63ebf4,13.462,27.729,34.786,53.499,24.891,33.58,17.64,282.079,16.37,21.59,15.603,21.864,23.96,25.93,2022.215,sat
2c9dc96b7a8b0410e64dd33f7e00a0c1,10000.0,10000.0,10000.0,10000.0,10000.0,10000.0,10000.0,10000.0,10000.0,10000.0,254.091,10000.0,10000.0,308.108,10000.0,sat
2d0c041c0fe72dc32527bfbf34f63e61,3.741,21.982,13.778,10.68,6.112,2.032,1.032,812.243,3.643,1.034,1.034,1.036,1.037,4.503,0.848,sat
2e808d215e4155379a847b146ef38b34,1160.392,747.338,691.098,951.867,908.81,1341.72,1035.696,10000.0,968.455,1282.561,1345.542,1111.855,1090.785,1146.43,1259.389,unsat
2ef023ae6c46e4415734f9349a36d678,43.824,26.203,58.017,62.836,40.427,42.169,29.181,97.084,19.951,25.844,26.844,21.771,19.022,26.76,94.911,unsat
2f219dfa21d996e1834aa247f934f304,237.696,147.381,259.659,289.828,211.453,112.198,183.261,10000.0,217.387,196.207,185.219,197.181,170.194,244.21,530.813,unsat
303ba61141150f84b0d8b44839df59fd,10000.0,10000.0,10000.0,10000.0,10000.0,258.173,728.195,10000.0,765.765,620.458,896.477,518.447,539.641,684.658,10000.0,unsat
30e680ded3b9be6be0b5baac273f2646,119.631,33.77,113.453,160.707,78.428,209.153,237.151,354.15,119.676,58.548,66.548,16.512,16.503,196.877,43.884,unsat
323223c497a22051f5a3ef508ccbaa7c,18.446,29.777,28.166,24.994,17.823,23.581,30.565,246.888,19.815,21.587,19.571,18.873,20.883,15.693,625.767,sat
328da7966b09b2f6e99c93c4e877fbff,1824.826,10000.0,1295.721,246.352,199.344,10000.0,10000.0,10000.0,3574.911,10000.0,10000.0,8.04,10000.0,10000.0,23.15,sat
339b1cfda231aaca601cd6339c07ca2c,10000.0,10000.0,10000.0,10000.0,10000.0,10000.0,10000.0,10000.0,10000.0,10000.0,10000.0,10000.0,10000.0,10000.0,10000.0,sat
33bcf82677b7fdacf18dd48892596a1d,30.81,71.578,37.289,59.321,31.339,107.284,201.281,651.806,49.373,84.621,70.629,60.034,61.289,56.518,639.797,sat
33cfa309d10e1d4fe30f1302807f42ce,24.366,35.625,13.064,15.584,14.381,25.586,43.582,213.566,12.65,20.606,25.576,19.882,21.861,18.257,604.463,sat
3498eea73b78ddc444cbee48b121c541,1604.619,812.128,1320.718,1339.716,1596.459,975.462,1234.471,10000.0,2887.966,1508.173,1563.18,1967.106,2095.239,3305.632,1483.839,unsat
34e5fd58b65bf305cc773f0dbfb47917,4635.736,4815.444,10000.0,10000.0,4183.883,3951.33,2485.214,10000.0,1671.285,2451.329,2527.335,2108.299,2392.398,1768.702,1027.329,unsat
358fa8d20aa467c7e9b9bf34f73d1dc9,3.456,6.082,3.176,4.262,3.632,5.371,3.37,191.742,5.188,5.355,5.366,4.457,6.957,4.174,29.972,sat
35b19a3332597c1e5a3668f75ca72971,17.978,39.081,16.669,29.897,13.531,38.592,25.574,221.36,14.863,22.562,19.618,20.979,21.908,23.639,460.757,sat
361290e60ab2a8ea9dccfcff65bf0778,10000.0,451.584,172.504,157.31,10000.0,546.25,10000.0,1193.081,98.186,178.968,166.988,53.986,53.993,92.467,338.17,unsat
3663000b31a5c80922afc6e48322accb,0.957,0.726,1.366,1.595,0.624,2.035,1.035,10.678,0.954,2.055,2.054,1.056,2.057,1.118,2.148,unsat
36c342091848d5d6a1a8eeb3a8b49b86,0.035,0.044,0.552,0.577,0.035,1.031,1.031,0.18,0.038,1.034,1.034,1.037,1.037,0.1,0.649,sat
3728fe50d8038c639c2d9c84e04fe2b1,18.691,42.904,9.978,6.987,13.165,21.045,26.056,160.85,22.615,6.062,5.062,22.073,22.087,17.145,104.515,sat
37d40a1092b58ad28285b9453872d211,875.56,10000.0,1226.221,1192.738,908.72,10000.0,4845.363,10000.0,4197.596,10000.0,10000.0,4389.444,4511.562,4401.279,0.637,unsat
385a678ba820d79c6fb5f497adaf32ec,665.673,322.196,544.085,612.912,637.785,391.299,324.284,10000.0,1117.383,580.821,583.82,890.759,866.787,1004.268,577.833,unsat
385e2c7010a419a9bd47b9258c9d2903,10000.0,10000.0,10000.0,10000.0,10000.0,10000.0,10000.0,10000.0,10000.0,10000.0,10000.0,10000.0,10000.0,0.03,0.85,unsat
38833d6a1ff6a56ef22bd2dc1e3fdde7,121.295,88.266,29.994,333.142,149.496,1591.162,218.061,1169.199,91.873,21.114,172.128,846.204,129.157,31.431,59.288,sat
38ca761a5808eace8bc8f1fcfdb5b5a8,10000.0,10000.0,10000.0,10000.0,10000.0,10000.0,10000.0,10000.0,10000.0,10000.0,10000.0,4677.531,10000.0,112.989,3826.696,unsat
396245861b331d45e1345bd43fe352e2,89.219,12.982,28.081,66.224,24.268,208.35,356.382,242.008,214.569,7.624,2.643,9.813,2.811,383.381,78.903,sat
3a7a64e1d6cf5ce969b2b05b5464f707,19.536,16.434,13.47,19.389,16.846,17.619,18.678,232.241,14.571,16.534,21.569,19.759,17.879,11.351,92.918,sat
3cff6c97a515aecfe46ba0f1256a3c11,4.254,0.471,2.062,3.442,1.729,5.041,3.042,23.917,2.398,2.084,3.086,3.082,3.094,2.352,8.081,sat
3e7dc7350195104b76b7d03ab5b0af8f,93.343,91.91,50.399,69.721,59.484,38.666,187.65,447.112,35.071,35.635,21.636,25.92,37.91,33.948,10000.0,sat
3f341c57c37d86350af5233b8e15e52e,683.471,10000.0,170.887,3220.125,10000.0,10000.0,2196.179,10000.0,10000.0,10000.0,10000.0,10000.0,10000.0,197.48,10000.0,sat
3f4174289e971950c290f27892169bc5,10000.0,4195.894,10000.0,10000.0,10000.0,1413.146,594.092,10000.0,510.671,705.192,806.181,639.167,466.17,504.874,922.26,unsat
3ff114cc7bee4f39fa56a0325e605c2d,10.732,16.168,17.774,18.481,7.394,50.04,42.039,486.596,55.411,44.064,44.059,22.057,22.064,19.736,26.765,unsat
4029fbae284eaf924b37b6f43d3a67fb,10000.0,10000.0,10000.0,10000.0,10000.0,10000.0,10000.0,10000.0,10000.0,10000.0,10000.0,10000.0,10000.0,10000.0,0.647,unsat
40ae60a61929b6bfa2ac99ab4b9a0f7e,3883.719,2602.404,3028.769,3687.228,4183.057,3161.837,4031.857,10000.0,10000.0,10000.0,4224.476,10000.0,10000.0,10000.0,10000.0,unsat
41457ee03686b32962c12445524f62a9,117.534,440.339,146.981,127.264,85.003,74.041,103.057,2438.657,85.049,58.052,63.052,62.056,53.058,0.065,408.309,unsat
41a8365f60db55b71d949df6954e0db7,10000.0,10000.0,10000.0,10000.0,10000.0,10000.0,10000.0,10000.0,10000.0,10000.0,10000.0,10000.0,10000.0,0.061,0.647,unsat
41c39c9a2d75ca50b603ea7c3d86106a,0.488,1.36,1.067,1.274,0.509,1.214,1.212,90.478,0.767,1.499,1.466,1.55,1.554,0.62,10000.0,sat
4282ea42fd414bfd2c4bf81fe8a43e24,31.842,15.671,28.086,33.008,26.575,33.503,35.5,1247.69,31.441,9.127,19.132,11.083,12.921,29.932,69.403,unsat
428da12ab8f5f68ae261e6468c2fef73,10000.0,10000.0,10000.0,10000.0,10000.0,10000.0,10000.0,10000.0,10000.0,10000.0,10000.0,10000.0,10000.0,10000.0,2.746,sat
431bfb466be51ecd86b321b5cbce6d3c,0.245,0.287,0.811,0.844,0.241,1.051,1.065,4.422,0.383,1.122,1.122,1.122,1.133,0.714,1.348,unsat
4380f8ed143d97a65f8888b2feeddb80,10000.0,10000.0,10000.0,10000.0,10000.0,10000.0,10000.0,10000.0,10000.0,10000.0,10000.0,10000.0,10000.0,10000.0,10000.0,unknown
4408f30395fb799e01b34b0dc7ee1d62,10000.0,10000.0,10000.0,10000.0,10000.0,10000.0,10000.0,10000.0,10000.0,10000.0,10000.0,10000.0,10000.0,10000.0,10000.0,unknown
44092fcc83a5cba81419e82cfd18602c,1.509,0.583,1.666,1.669,0.501,2.031,2.03,19.166,1.139,2.036,2.036,2.038,2.038,0.062,0.646,unsat
44ad104c3b0c83b4cfc260583dee2397,14.172,4.441,13.88,14.699,15.882,13.582,9.565,194.446,15.888,20.469,16.499,11.637,15.801,10.101,122.017,sat
44b249f51321a2bf38f730534b781bec,0.063,0.164,0.568,0.586,0.063,1.046,1.046,3.042,0.241,1.114,1.114,1.114,1.13,0.295,0.65,sat
45faf223af97fe9177daa3ad4002cf2f,709.512,652.066,746.0,296.957,398.773,285.487,222.085,10000.0,10000.0,102.942,107.051,85.221,86.289,133.68,577.651,unsat
4611cd26b441b8c5866e4a2c5a7952dc,1072.063,10000.0,1643.541,1404.312,1022.361,10000.0,10000.0,10000.0,10000.0,10000.0,10000.0,10000.0,10000.0,10000.0,1495.06,unsat
46e119b7ff8d0781354bfe68139c99b5,456.269,277.603,465.218,596.681,499.383,417.283,434.28,10000.0,1182.962,547.63,703.663,798.614,933.643,1740.544,807.582,unsat
48539e7e4baae6db72cda7e8a9cecfa0,10000.0,10000.0,10000.0,2005.185,2566.942,2641.187,2297.391,10000.0,2177.554,1966.682,1546.271,1344.05,1656.657,2389.173,10000.0,unsat
48ac8814180bdc90bf96a4caea64dae2,10000.0,10000.0,10000.0,10000.0,10000.0,10000.0,4182.349,10000.0,2804.979,3767.475,4099.521,3501.453,3379.543,3208.892,10000.0,unsat
4989239fbeb6eb40fc0b664d9ba92636,118.478,34.485,114.657,185.045,93.72,223.18,700.184,356.179,130.074,57.543,52.501,17.514,17.506,262.902,57.488,unsat
4a6a797c6b4a8055d10b74edda9a5e30,10000.0,10000.0,10000.0,10000.0,10000.0,10000.0,10000.0,10000.0,10000.0,10000.0,10000.0,10000.0,10000.0,10000.0,10000.0,unknown
4d2f74ef97b6d40ebd71f85dcb75c543,10000.0,10000.0,10000.0,10000.0,10000.0,10000.0,10000.0,10000.0,10000.0,10000.0,10000.0,10000.0,10000.0,0.037,1.561,unsat
4e64ffc14db014d5591f40865376c32a,10000.0,329.668,137.771,107.787,10000.0,403.24,10000.0,874.664,74.998,111.951,114.975,40.953,47.959,73.475,177.664,unsat
4f38f4b005cc54122135c8c21aec4b85,10000.0,10000.0,10000.0,10000.0,10000.0,10000.0,10000.0,4677.322,4124.223,10000.0,10000.0,4390.501,3459.525,4069.926,3291.331,unsat
4fd2e4e6ecb4fe8d3f9e1fda81633469,0.529,1.468,0.949,1.275,0.526,1.232,1.265,119.592,0.844,1.489,1.498,1.578,1.579,0.642,10000.0,sat
4fdcf4248a332c1c9a89d37439c879a9,1914.94,10000.0,3448.612,3313.684,2065.548,3900.304,3413.269,10000.0,1318.523,10000.0,4383.461,1400.21,1522.272,1171.946,1319.495,unsat
4fe42891b004d7425631a8edb4252d3f,10000.0,10000.0,10000.0,10000.0,10000.0,10000.0,10000.0,10000.0,10000.0,10000.0,10000.0,10000.0,10000.0,153.864,10000.0,sat
4ffb80a0ad8b753fee1492101ffcbdbb,10000.0,3839.362,10000.0,10000.0,10000.0,1448.394,1154.325,10000.0,1404.14,892.738,1442.835,1375.793,1634.203,1268.663,10000.0,unsat
524848d379582b63060ed43d3729b9f3,10000.0,601.02,509.17,390.106,10000.0,3744.483,10000.0,1957.809,200.067,337.0,375.021,97.992,101.003,186.434,308.766,unsat
52be8740aab896317320cd44a5d2af2f,10000.0,10000.0,10000.0,10000.0,10000.0,10000.0,10000.0,10000.0,10000.0,10000.0,10000.0,10000.0,10000.0,10000.0,10000.0,unknown
53799aafcd0c684a2adc79400bd35f82,10000.0,294.536,116.064,98.67,10000.0,335.237,10000.0,756.168,65.475,92.962,98.966,32.944,34.899,63.335,226.104,unsat
5437ba8972228ea5531a69a9aa064acc,10000.0,595.596,425.707,356.864,10000.0,10000.0,10000.0,2340.097,196.516,406.05,371.049,98.959,98.97,192.672,459.848,unsat
54ab5a53d2fdfcda16ec74768b29f901,10000.0,10000.0,10000.0,10000.0,10000.0,10000.0,10000.0,10000.0,10000.0,10000.0,10000.0,10000.0,10000.0,10000.0,10000.0,unknown
558113ad4d50130351db8c426230a50f,391.333,77.087,420.379,526.756,366.891,512.197,691.206,605.196,429.099,157.669,159.666,34.612,35.64,637.443,99.809,unsat
558ce551d2b933b7a5f1c7d2a6044930,10000.0,10000.0,10000.0,10000.0,10000.0,10000.0,10000.0,10000.0,10000.0,10000.0,10000.0,10000.0,10000.0,10000.0,0.654,unsat
571a2f223784fb92a53b4cc8cc8b569e,1.283,0.284,1.569,1.575,0.488,2.032,2.032,16.27,1.14,2.037,2.037,2.039,2.04,1.199,2.744,unsat
578b5e6a2f0b295168cb6c5420810a72,28.088,53.976,28.785,23.679,23.238,78.042,52.04,458.039,26.676,45.057,44.059,36.059,36.063,27.246,49.781,unsat
578f9377bfbfcc6ea3a18eb630667956,0.119,0.076,0.566,0.677,0.077,1.038,1.038,2.02,0.188,1.069,1.067,1.071,1.079,0.23,0.951,sat
57c305967b30c503da1737258e6cc7e5,102.813,106.815,145.883,171.619,91.07,244.105,171.1,505.988,114.912,169.455,154.453,120.432,111.413,115.918,122.733,unsat
587150fb7b12a6b5dd7e4a9446b9713b,0.049,0.067,0.569,0.585,0.051,1.037,1.041,0.52,0.16,1.044,1.044,1.047,1.049,0.212,0.645,sat
5918f1624d4dfd964227356786a4e9ec,10000.0,10000.0,10000.0,10000.0,10000.0,10000.0,10000.0,10000.0,10000.0,10000.0,10000.0,10000.0,10000.0,10000.0,10000.0,unknown
5a72cb588bcda7b1b54a1eac6b19ab2e,578.743,607.233,598.503,296.649,284.469,242.189,248.274,10000.0,517.778,127.973,132.96,119.66,126.177,93.697,614.27,unsat
5b3d8a4465726adfcb58b9cdb1cc33f1,10000.0,10000.0,10000.0,10000.0,10000.0,10000.0,10000.0,10000.0,10000.0,10000.0,10000.0,10000.0,10000.0,10000.0,10000.0,unknown
5dc5185101e1d439d14f0a04acfa9bfb,10000.0,10000.0,10000.0,2992.254,10000.0,10000.0,10000.0,10000.0,10000.0,10000.0,10000.0,10000.0,10000.0,230.459,10000.0,sat
5f6861053fb4ed4fc0b997cd6b505ef4,10000.0,10000.0,10000.0,10000.0,10000.0,10000.0,10000.0,10000.0,10000.0,10000.0,10000.0,10000.0,10000.0,10000.0,10000.0,unknown
62c763bdf8d351b15df3a4d62a03eba0,2.114,6.497,5.164,20.39,2.544,6.558,1.629,1046.845,3.642,10.821,17.821,18.086,16.958,20.824,15.466,sat
63159b6b10c3d6832bd5944e05d78b11,32.09,10.825,42.6,22.293,6.756,2054.201,10000.0,36.075,344.808,1.074,1.073,1.075,1.095,291.8,0.754,sat
644fd765d26bd4a380922ccd0f594c58,178.799,1052.473,209.024,113.161,138.355,200.053,251.064,2143.692,158.318,143.065,102.059,214.077,183.08,0.067,429.92,unsat
6549f23728c52d5319f30371ff709622,877.384,795.466,1649.138,492.687,475.912,290.051,279.376,10000.0,10000.0,118.878,124.99,102.801,101.058,122.239,765.968,unsat
65b1e2253626af4a72b954f8186a5880,114.089,165.08,38.318,49.961,65.628,52.799,39.804,10000.0,95.655,37.731,36.944,33.91,33.124,26.858,89.32,unsat
670a24d73dbadd3073e9604c6ef903d1,10000.0,10000.0,10000.0,10000.0,10000.0,10000.0,10000.0,10000.0,10000.0,10000.0,10000.0,10000.0,10000.0,10000.0,10000.0,unknown
67904554c73addf89fe675bd8e494641,10000.0,10000.0,10000.0,10000.0,10000.0,10000.0,10000.0,10000.0,10000.0,10000.0,10000.0,10000.0,10000.0,10000.0,10000.0,unknown
67a5b7ccde980b37576b993c79e176b0,590.534,489.392,539.973,256.617,292.95,194.528,236.771,10000.0,458.37,117.995,120.195,106.361,113.306,81.528,522.028,unsat
685d37e93ba26197925353e58026ae10,155.751,182.916,145.883,52.741,76.395,60.217,70.081,10000.0,128.552,43.766,44.706,40.311,42.558,35.302,120.037,unsat
68649ac2830edad5d0dc7e3d13935132,29.462,8.031,40.901,29.39,43.916,3746.318,10000.0,33.422,45.565,1.075,1.075,1.075,1.099,1792.821,1.25,sat
6aacae96461cb65176942b6dc88ea470,467.721,10000.0,1050.148,1449.794,498.568,983.111,784.111,10000.0,702.096,759.14,838.146,798.15,877.188,0.071,10000.0,unsat
6b2ccabf0304af478a558b8a333ced32,10000.0,10000.0,10000.0,10000.0,10000.0,10000.0,10000.0,10000.0,10000.0,10000.0,10000.0,10000.0,10000.0,10000.0,10000.0,unknown
6bb485770dbc3943ea84933a03131958,10000.0,549.131,439.704,330.222,10000.0,10000.0,10000.0,2147.175,194.033,355.034,329.953,94.965,98.991,184.18,318.765,unsat
6d67f76f114db9801952ed155e745e16,10000.0,10000.0,10000.0,311.76,10000.0,10000.0,10000.0,10000.0,10000.0,10000.0,10000.0,10000.0,2857.421,199.066,10000.0,sat
6dca14e1af1795565d1e502ddc7d376b,222.223,213.948,241.053,79.074,117.352,77.701,77.688,10000.0,187.264,63.535,58.74,53.986,55.58,51.104,189.687,unsat
6e31e88a5dadaa3876eb5ff4293134c2,518.236,535.253,599.693,225.209,261.057,201.791,166.849,10000.0,373.024,111.537,116.716,106.01,100.678,77.288,462.768,unsat
6e5efd19744842d1fa5415173bffbf6b,10000.0,10000.0,10000.0,10000.0,10000.0,10000.0,10000.0,10000.0,10000.0,10000.0,10000.0,10000.0,10000.0,10000.0,10000.0,unknown
6e9cae5108bd423666c73aaace197769,3.096,3.909,3.765,6.472,3.21,7.172,243.19,77.611,0.625,7.27,1.262,7.334,12.335,577.527,10000.0,sat
705f6075b27775e03daf6e8d781cb953,10.898,4.833,3.98,7.08,4.829,8.373,3.37,2362.952,10000.0,4.979,4.934,5.727,4.775,1.654,5.148,unsat
70af2c3bfd44bcf9baa2a9605f4a17fe,1.588,0.59,2.049,2.283,0.942,3.038,3.038,18.422,1.663,2.054,2.054,2.057,2.062,1.72,3.248,unsat
70ce0cff914efdc48f2a8fe86b5c68c6,47.833,27.224,51.719,67.81,22.459,4396.416,10000.0,131.884,6.538,46.229,39.226,43.214,13.259,18.861,4.051,sat
711ff7681711949f44b07a0d530dc729,346.963,67.806,267.662,341.562,328.639,633.205,878.22,641.568,334.336,154.69,142.67,33.632,36.635,445.448,133.637,unsat
71270454196ae092b28d0a74300a85e1,72.692,98.162,73.725,62.831,71.674,725.091,605.09,804.882,137.004,455.109,405.101,158.078,148.094,135.54,234.903,unsat
71758ed7637888d4fd4593ec820677bc,12.745,2.449,7.158,12.984,4.344,156.057,3685.314,32.839,45.058,1.072,1.073,1.073,1.101,244.563,0.847,sat
71bca76153c6ee65b72a517fd658a42d,0.049,0.049,0.562,0.567,0.048,1.038,1.039,0.435,0.16,1.042,1.042,1.047,1.048,0.113,0.64,sat
71cf538aa0751d27f144de9c8d82e458,10000.0,10000.0,10000.0,10000.0,10000.0,10000.0,10000.0,10000.0,10000.0,10000.0,10000.0,10000.0,10000.0,10000.0,797.194,sat
71dbf7ab78ef93c3d491c67752f03fd1,1.744,1.658,2.17,2.783,0.939,2.082,2.08,52.982,1.69,2.426,2.422,2.399,2.388,1.542,4.574,unsat
727cd7c528ac106f134cc882c9202108,945.298,284.301,733.07,728.182,953.409,516.917,287.902,10000.0,265.244,10000.0,372.681,246.055,257.763,268.619,796.71,unsat
72b5ad031bf852634bc081f9da9a5a60,55.596,402.103,74.622,63.638,50.903,566.075,302.056,2065.019,218.12,328.076,313.075,219.068,223.075,223.885,0.652,unsat
73063c6257a4ffc29f5bea7028403a64,15.11,2.517,1.97,5.17,13.148,9.035,39.036,85.708,9.853,5.041,12.042,4.043,24.049,4.005,18.953,sat
74931e82fd208ed949fa44bccd80df6b,59.158,33.283,48.996,58.119,52.232,64.519,63.533,3347.702,52.416,2.274,2.242,2.209,3.146,51.67,2.432,sat
751402d0738e5622b599c651283cb48a,21.742,7.914,11.676,8.979,13.016,1111.127,10000.0,33.202,833.829,1.074,1.073,1.075,1.093,154.384,0.746,sat
751afd7ddf8f242ed7bd93517ba82149,459.116,10000.0,838.097,1170.674,548.592,582.083,304.07,10000.0,432.957,282.083,440.105,386.109,413.119,0.071,10000.0,unsat
758f9ed67b4d2068c209157335e07266,10000.0,10000.0,10000.0,10000.0,10000.0,10000.0,10000.0,10000.0,2374.13,10000.0,10000.0,2568.319,3273.476,2420.286,3018.827,unsat
78d23f235b63b1b7f08eb1b6cfb03f34,10000.0,10000.0,10000.0,3086.169,10000.0,10000.0,10000.0,10000.0,10000.0,10000.0,10000.0,10000.0,10000.0,96.718,10000.0,sat
79391ed5a7f19b947cefe7af1178146a,10000.0,10000.0,10000.0,10000.0,10000.0,10000.0,10000.0,10000.0,10000.0,10000.0,1476.189,10000.0,10000.0,60.348,10000.0,sat
79c109a8c1da53c6b636d3835f11a19d,29.619,10.28,29.994,45.417,23.669,29.086,25.085,460.613,22.612,26.364,27.396,23.344,25.36,24.432,47.785,unsat
7aaf3275cbe217044ef305f0a1ca8eb5,1037.031,10000.0,1998.176,2205.135,1073.935,10000.0,10000.0,10000.0,10000.0,10000.0,10000.0,3247.36,3003.405,10000.0,0.652,unsat
7b4622a3ab523264378a560199de47ed,8.593,25.275,10.578,9.178,6.527,60.045,43.046,967.787,63.777,38.077,36.076,28.077,29.091,22.965,44.775,unsat
7d58f2f0c79cbcad0496ced184ba0680,10000.0,10000.0,2127.695,4708.989,10000.0,10000.0,3951.32,10000.0,10000.0,10000.0,10000.0,4770.564,3643.542,10000.0,10000.0,sat
7dc81d3cb9066f8bc06ceffbca237572,10000.0,10000.0,10000.0,10000.0,10000.0,10000.0,10000.0,10000.0,10000.0,10000.0,10000.0,10000.0,10000.0,10000.0,377.898,sat
81d2158d506ea1049708837460b9387e,46.795,83.812,42.594,33.691,47.142,286.056,183.049,1107.466,91.345,254.077,247.077,102.066,111.075,81.493,238.912,unsat
824c21545e228872744675ae4ee32976,10000.0,10000.0,10000.0,10000.0,10000.0,10000.0,10000.0,10000.0,10000.0,10000.0,10000.0,10000.0,10000.0,10000.0,0.639,unsat
8252d67358381873e07bb637ad177b83,290.167,329.829,357.526,141.217,175.828,152.592,124.773,10000.0,228.829,72.593,74.762,67.621,68.683,57.233,291.372,unsat
8270ae50e6f2881136868db6d3a88eee,105.256,243.515,80.612,67.624,101.8,575.077,352.061,2031.674,167.708,449.098,453.099,230.08,223.091,169.066,415.718,unsat
828e1066a477e98e8d834528df3fc874,10000.0,10000.0,10000.0,10000.0,10000.0,10000.0,10000.0,10000.0,10000.0,10000.0,10000.0,10000.0,10000.0,10000.0,10000.0,unknown
82fe0a5b2467d6e5299c315da8b16ec5,0.448,1.041,1.26,1.473,0.419,1.176,1.178,50.363,0.686,1.375,1.379,1.435,1.463,0.517,10000.0,sat
835ac60ca83af6f334b64b61c4ad345b,10000.0,10000.0,10000.0,10000.0,10000.0,10000.0,10000.0,10000.0,10000.0,10000.0,10000.0,10000.0,10000.0,0.031,0.841,unsat
83cf6bfa7945b54e8c4ac659d1a4359e,13.363,29.615,25.371,20.19,15.377,17.577,6.571,208.133,15.647,17.562,16.56,19.846,18.832,17.055,225.899,sat
8403d03df1ce64af3bf7581449d320fb,0.769,0.968,0.86,1.171,0.628,1.203,1.308,124.983,0.702,1.301,1.303,1.439,2.385,0.459,10000.0,sat
85240babab8083e1b381e2971d875ab8,10000.0,474.822,389.874,339.761,10000.0,10000.0,10000.0,1826.588,179.144,328.019,329.018,90.997,100.045,158.952,304.658,unsat
8751f8d1570611ba079dfd862b14c514,12.417,28.924,20.475,15.482,18.317,17.592,17.591,187.902,14.737,13.595,20.512,17.885,18.877,16.045,247.822,sat
87ec32f70c5e3a279e636f7f62e70a19,10000.0,10000.0,10000.0,10000.0,10000.0,10000.0,10000.0,10000.0,10000.0,10000.0,10000.0,10000.0,10000.0,10000.0,10000.0,unknown
89120de895868a3fccd74f30f78a5448,4647.588,3972.73,3487.902,3762.971,10000.0,10000.0,4465.936,10000.0,10000.0,10000.0,10000.0,10000.0,10000.0,10000.0,10000.0,unsat
8a7a61a63a718e4dc5aba5426b31c063,10000.0,506.799,386.967,345.244,10000.0,10000.0,10000.0,2169.322,185.608,323.998,314.011,92.971,100.967,182.0,257.418,unsat
8ade10da9731ce31d103c1687ff40a3d,0.47,1.145,0.861,1.053,0.442,1.209,1.21,78.191,0.765,1.389,1.39,1.459,1.535,0.539,10000.0,sat
8b797110ff321ee673eab1542069f192,10000.0,10000.0,10000.0,10000.0,10000.0,10000.0,10000.0,10000.0,10000.0,10000.0,10000.0,10000.0,10000.0,10000.0,10000.0,unknown
8bcd3f3e269fa3c9516667b626d61602,8.903,27.683,4.353,8.049,5.324,145.088,24.073,270.557,9.08,2.186,3.192,10.184,10.226,7.434,6.158,sat
8c7477dc33a412514998a2fd6b32dbf5,10000.0,10000.0,10000.0,10000.0,10000.0,10000.0,10000.0,10000.0,10000.0,10000.0,10000.0,10000.0,10000.0,4278.094,10000.0,unsat
8cf6b81061285343c4f33c51afdb3fbb,120.42,48.129,148.963,197.533,113.876,109.086,79.085,389.661,68.438,93.401,79.401,78.371,81.368,73.25,114.829,unsat
8cfc8e99d31bcaf18ff3360b08c8521c,1049.429,1603.75,4557.45,937.68,884.24,2598.058,1694.934,2953.616,779.027,1325.953,1294.228,826.974,10000.0,742.184,2176.527,unsat
8d31ec9edeac705ffd1b23f0cc4f3256,9.947,12.004,8.076,15.003,8.671,8.068,48.073,162.735,2.607,4.147,2.143,5.15,12.158,2.196,130.137,sat
8d458780fb74c28c01a5fe89990ad521,7.239,33.323,7.866,11.68,4.71,18.037,12.042,74.476,7.28,13.045,14.044,12.047,13.048,0.066,8.351,unsat
8db36208fc6ce43b4002cf048c549b3f,2026.753,10000.0,1107.653,949.017,2046.145,10000.0,10000.0,10000.0,4704.502,10000.0,10000.0,10000.0,10000.0,4730.569,10000.0,unsat
8e30bfdb721ca0a20031c79a76f9aa7c,10000.0,504.6,432.904,336.68,10000.0,10000.0,10000.0,2003.485,194.719,330.002,324.028,92.001,92.963,191.052,363.796,unsat
8f7cd9fb4b8852fdf9a21c606724c71a,10000.0,359.609,298.097,256.186,10000.0,10000.0,10000.0,1430.288,127.323,229.997,202.99,68.974,71.993,118.532,293.845,unsat
8fa526d20599ca8c3d613e9066d62e61,137.962,164.1,176.507,191.236,112.216,236.732,180.759,1273.737,99.206,179.463,146.353,136.218,146.277,106.702,316.374,unsat
8fcc57f6c75cb2ac48d19e3038ad3c6c,147.409,30.262,129.668,177.423,109.546,290.158,287.153,366.94,167.614,55.539,59.543,16.519,17.506,223.771,51.687,unsat
909f704d5f4127c1197a086705468624,0.641,1.099,0.977,1.172,0.504,4.041,1.038,6.237,0.709,1.066,2.071,1.069,2.082,1.25,1.252,sat
911cbc796d15eb316d36c82c90fd7d11,0.143,0.24,0.666,0.777,0.143,1.043,1.046,3.426,0.197,1.066,1.066,1.067,1.092,0.234,1.057,sat
91b88d172a08e2a57c189bddff51bfd5,431.983,10000.0,10000.0,10000.0,10000.0,10000.0,10000.0,10000.0,10000.0,10000.0,10000.0,10000.0,10000.0,62.458,10000.0,sat
92387c29e87aa857e84feb301f3d6aff,0.532,1.045,1.868,1.385,1.386,6.041,4.04,9.774,0.306,1.064,1.067,1.065,1.077,0.343,3.048,sat
92c17c00d862668de6e6c45d4eecdc75,1.6,2.395,1.597,1.396,4.696,1.039,1.039,61.933,0.481,1.059,1.059,1.06,1.072,0.428,1146.143,sat
92d6795785d35d1dcc42b15dc0e933d0,2.347,1.217,1.871,3.087,2.411,1.058,1.061,3.236,0.451,1.162,1.164,1.162,1.158,0.484,3.746,unsat
93a87994c03a7752f85d863239555d48,15.6,4.372,11.079,12.472,5.001,15.557,21.565,189.508,12.628,14.518,11.484,14.647,15.711,12.333,71.391,sat
945d67baeb7860df648ab6ef4782d5ed,1.038,4.131,1.374,2.367,1.336,9.037,5.035,103.833,15.384,6.053,3.052,9.056,8.061,17.638,11.147,sat
953e9ff735bdf5ada27b0ab2b908b6af,30.353,110.143,63.607,50.99,29.091,387.063,273.056,1475.995,375.274,318.089,308.086,124.069,122.08,106.318,90.707,unsat
9631e4082abf03e560b889c5715d3979,16.516,20.304,18.774,16.274,5.924,18.671,27.671,251.395,23.007,21.687,15.693,19.986,22.047,18.848,199.383,sat
964162c1faee2c1e3a4dfa4f9c75c34f,10000.0,10000.0,10000.0,10000.0,10000.0,10000.0,10000.0,10000.0,10000.0,10000.0,10000.0,10000.0,10000.0,10000.0,10000.0,unknown
965ca988015c9aee5a1a7b2136c1fe5d,885.984,10000.0,1458.18,1408.208,927.287,10000.0,10000.0,10000.0,10000.0,10000.0,10000.0,4062.423,4086.524,0.065,0.652,unsat
96ae6bde39369f75aa975b0f5b74c325,29.656,27.32,12.468,102.452,106.588,795.396,329.343,231.567,115.024,4.665,2.654,32.834,2.811,403.428,31.468,sat
96e01064ac3b644143278c21859e201f,3.701,0.719,3.67,1.371,3.134,4.169,1.17,180.815,149.766,3.262,6.257,1.321,11.335,136.968,10000.0,sat
97a17306a2882e0fd1aa3981a267df0d,10000.0,10000.0,10000.0,10000.0,10000.0,10000.0,10000.0,10000.0,10000.0,10000.0,10000.0,10000.0,10000.0,10000.0,10000.0,unknown
9811b95bfd5888014d27e6dd384ff502,12.223,21.195,22.681,21.099,8.526,74.042,65.04,497.871,75.626,62.061,61.061,31.059,30.063,24.542,28.773,unsat
98c6da979a0a22d384d465a1da17111e,10000.0,10000.0,10000.0,10000.0,10000.0,10000.0,10000.0,10000.0,10000.0,10000.0,10000.0,10000.0,10000.0,10000.0,10000.0,sat
99d134de6323a845a2828596a48bbb1d,10000.0,10000.0,10000.0,10000.0,10000.0,10000.0,10000.0,10000.0,10000.0,10000.0,10000.0,10000.0,10000.0,10000.0,10000.0,unknown
9a413c250f82a93d513d4092ba654ee2,124.939,34.391,116.76,183.238,91.947,348.199,213.146,372.858,173.537,57.567,62.586,17.529,17.526,214.371,50.88,unsat
9c7043290cee8127c3626d8067759267,32.619,57.925,31.667,27.088,28.911,140.046,154.077,750.698,51.919,105.065,105.061,65.064,65.07,50.366,148.841,unsat
9de6ddddf7fde06bf2efd955e2bd1a83,35.657,11.423,45.187,37.297,18.478,542.091,10000.0,36.523,130.43,1.074,1.074,1.074,1.094,458.847,0.749,sat
9e18c079efdc17ceade5c7a330b507d2,12.42,26.32,16.47,21.593,15.294,17.62,16.615,220.062,16.287,11.593,15.605,17.879,12.867,12.616,300.442,sat
9e7f2b92c6e46d03ddcafd798aa80cb6,388.602,380.314,398.355,179.142,183.375,131.591,146.67,10000.0,256.72,83.051,80.318,74.594,75.261,60.388,354.519,unsat
9f3ef12b5b68f92eb9265721ea73bb03,41.871,22.757,6.463,58.717,53.995,221.342,65.345,65.866,174.68,6.648,24.656,5.827,8.812,467.096,39.083,sat
9fe43145e48a0ef0096bb72531f1a0e3,10000.0,10000.0,10000.0,697.833,3227.188,10000.0,10000.0,10000.0,10000.0,10000.0,10000.0,10000.0,10000.0,53.84,10000.0,sat
a09a2d7397732447bdcc9651973767b7,1565.344,10000.0,3577.478,1187.888,909.706,10000.0,330.082,225.835,101.73,297.167,454.18,762.218,95.182,469.002,3708.089,sat
a0c7aea176b5a2b65c27c8af7039326b,382.411,187.802,344.041,452.553,366.412,259.244,254.235,10000.0,578.358,324.456,330.426,340.385,425.369,419.724,823.093,unsat
a1276d5dcb822aa03806df58fa9ca1c8,63.037,28.328,71.128,93.766,56.54,43.114,45.115,1880.227,50.949,52.61,49.602,46.572,43.56,53.5,108.612,unsat
a18b6fbdfee43c007e07dedf15477797,56.196,2.029,33.386,29.579,35.014,70.054,10000.0,37.594,2962.803,1.074,1.075,1.075,1.096,328.529,1.047,sat
a292411f3f563a47c05a78f8295163dc,818.027,652.426,961.428,434.053,547.793,284.765,258.084,10000.0,10000.0,122.582,116.434,93.384,91.107,114.622,581.772,unsat
a45b60e53917968f922b97c6f8aa8db3,50.174,116.977,71.508,102.244,44.325,74.041,99.042,485.375,70.406,64.053,70.054,60.053,62.058,76.868,71.997,unsat
a4941208671f6ebfd118e4e563538c31,17.346,16.219,22.786,23.285,36.966,372.076,4201.345,32.286,204.41,1.088,1.086,1.086,1.104,133.183,0.745,sat
a4b05fbc5be28207b704e1fae4b7c8a0,753.918,10000.0,1110.333,1107.085,782.545,10000.0,3445.277,10000.0,4509.889,4420.448,4145.421,2629.297,2790.375,0.062,0.651,unsat
a552a058e6376a36b1f1b2724f228364,109.728,183.206,199.731,231.866,97.71,244.115,206.108,1013.385,204.67,171.564,169.551,113.586,97.517,161.037,336.765,unsat
a64f3c1afd7e0f6165efbe9fc2fc8003,1737.392,10000.0,2020.53,3104.047,2085.906,10000.0,10000.0,10000.0,10000.0,10000.0,4828.469,1474.172,1572.221,0.091,702.514,unsat
a6d7268b35eec18656a85ad91b0413e9,12.98,18.541,13.781,11.683,9.59,28.037,17.036,241.573,10.956,18.049,18.049,15.049,15.053,10.82,19.965,unsat
a7a9ca7e06b6b1e979950ea96183d07d,166.327,210.807,565.318,704.916,157.998,929.212,453.166,1010.305,159.644,226.72,284.73,156.685,165.68,171.673,10000.0,unsat
a7bbcc6535cca5a37f015f29090e8797,10000.0,3433.598,4621.784,10000.0,10000.0,3070.948,2615.898,10000.0,10000.0,4958.036,10000.0,10000.0,10000.0,10000.0,10000.0,unsat
a811388cc92def6ef2d639dc062d456c,13.887,8.529,21.984,3.847,27.671,128.066,180.068,194.851,69.994,31.104,24.105,37.109,2.108,23.781,343.189,sat
a83665715cf54e10f6d5382b97fd909c,10000.0,10000.0,10000.0,10000.0,10000.0,1658.7,10000.0,10000.0,10000.0,10000.0,10000.0,10000.0,10000.0,10000.0,10000.0,sat
a8dc92a9c0434576b47c82c94ab5c446,71.88,109.401,142.357,134.986,64.903,180.06,204.098,2184.213,52.592,174.093,153.092,51.086,49.104,47.493,89.805,unsat
a8dcaf436bda091dad9ca1ff58de7287,365.451,71.581,341.329,505.805,196.773,564.202,865.221,649.153,378.414,166.668,156.701,33.64,36.645,420.323,96.712,unsat
a931fb0e1490883ee7719eab96ed558a,341.961,215.793,159.915,248.2,191.332,167.877,173.871,10000.0,178.269,246.691,245.696,148.544,153.857,155.253,679.14,unsat
a98d77ba9d3fbe8b7c55cbf75b2b43a8,10000.0,10000.0,10000.0,2417.478,10000.0,10000.0,10000.0,10000.0,10000.0,10000.0,10000.0,10000.0,10000.0,10000.0,10000.0,sat
a9d081cbb33e6051be2512f2a2269d65,460.126,430.93,470.313,229.782,245.623,187.62,326.775,10000.0,345.776,103.751,107.957,93.319,96.726,64.817,377.504,unsat
aa0d6b8c63f57956b9aed350f38e0571,10000.0,10000.0,10000.0,10000.0,10000.0,10000.0,10000.0,10000.0,10000.0,10000.0,10000.0,10000.0,10000.0,10000.0,10000.0,unknown
aa4a861240c0c39b5aa44602133ae5e1,19.639,58.651,32.684,27.668,18.174,184.049,140.046,1078.226,188.529,147.07,139.068,60.065,64.074,55.97,67.692,unsat
abe802007c9aed4eab2e758fb130174b,65.575,103.12,99.436,70.032,61.015,236.059,232.073,242.49,89.877,187.113,174.11,104.108,65.111,87.234,140.739,unsat
accf33a84bdf211bebbd2111fb7f6b91,64.257,36.815,55.014,64.03,58.287,72.617,75.657,3843.427,58.254,2.355,2.383,2.32,3.347,54.458,2.656,sat
ad69e0a0880cd377e26260f7e4bc6d51,739.195,609.529,422.82,650.855,455.52,619.214,607.134,10000.0,479.29,661.06,595.37,567.812,625.587,510.975,10000.0,unsat
ae7e391be73431e5dddf2bbafe95758a,21.682,61.66,43.099,35.696,20.431,226.051,178.049,1177.917,237.262,197.073,201.075,77.074,77.078,66.886,62.093,unsat
ae9522ea003ea9f75891b2d37a5e264b,0.076,1.84,0.559,0.663,0.072,1.058,1.052,10.13,0.298,1.163,1.16,1.149,1.206,0.293,66.977,sat
ae9b7950ef1513068bb9339893ec8c50,10000.0,10000.0,10000.0,10000.0,10000.0,10000.0,10000.0,10000.0,10000.0,10000.0,10000.0,10000.0,10000.0,10000.0,0.647,unsat
af1e84bc2ab44d87d1c4c0cbf9e601c5,10000.0,10000.0,10000.0,10000.0,10000.0,10000.0,10000.0,10000.0,10000.0,10000.0,10000.0,10000.0,10000.0,10000.0,0.639,unsat
af3d5273605b21b9d4c56dd46cbf366a,29.582,1.971,38.399,21.019,10.972,726.102,10000.0,35.872,290.687,1.074,1.075,1.075,1.097,245.485,0.646,sat
af5838e83024d2dee3942be8d8e35fec,10000.0,10000.0,10000.0,10000.0,10000.0,10000.0,10000.0,10000.0,10000.0,10000.0,10000.0,10000.0,10000.0,10000.0,10000.0,unknown
b09585f2346c207e9e14a3daf0de46cf,58.032,312.263,66.813,56.299,55.256,394.061,237.051,2092.938,175.184,334.076,316.074,225.067,229.077,177.445,0.628,unsat
b157aeb75aec9158fed9e16d7fd2da57,470.257,0.694,574.303,82.571,136.802,3.073,46.076,60.394,265.353,129.2,109.185,312.205,486.253,198.896,347.671,sat
b2145c28dbed385329ea73a06d9c519a,10000.0,10000.0,10000.0,10000.0,10000.0,10000.0,10000.0,10000.0,10000.0,10000.0,10000.0,10000.0,10000.0,0.066,0.645,unsat
b3840e295097a13e6697fff6be813eeb,10000.0,10000.0,10000.0,10000.0,10000.0,10000.0,10000.0,10000.0,10000.0,10000.0,10000.0,10000.0,10000.0,10000.0,10000.0,unsat
b44611ea7852dd30215cc1cb09e1ab79,8.285,6.813,14.872,14.976,17.017,19.632,14.624,211.841,17.354,16.61,17.602,19.789,18.891,10.706,181.193,sat
b5b1803491a265b02d595c1fb62d5991,10000.0,10000.0,10000.0,10000.0,10000.0,1282.143,847.108,10000.0,1057.128,910.191,944.196,1131.217,1328.28,1141.01,621.378,unsat
b5cede38496a803dcfa155a5f4295c47,28.424,37.564,28.18,28.191,12.94,10.618,31.579,253.828,16.921,22.549,17.569,15.887,15.888,14.42,231.806,sat
b6c44ccb3174b7f0a69185b11de86cfa,301.102,134.846,269.88,305.423,281.175,222.213,194.206,10000.0,353.735,264.244,251.214,209.184,232.163,326.368,419.735,unsat
b6c6f1081dbb672e8294685d03326b09,10000.0,10000.0,10000.0,10000.0,10000.0,10000.0,10000.0,10000.0,10000.0,10000.0,10000.0,10000.0,10000.0,10000.0,10000.0,unknown
b86f2425cafeb1239d65bd529e372e02,10000.0,10000.0,10000.0,10000.0,10000.0,10000.0,10000.0,10000.0,10000.0,10000.0,10000.0,10000.0,10000.0,10000.0,10000.0,unknown
bab57c8799cb05c8c1757c60d4ebdefd,10000.0,499.566,419.9,367.57,10000.0,10000.0,10000.0,2004.974,181.029,284.0,335.025,87.96,91.975,167.369,338.777,unsat
bb8042839130ce5597c358c1955706ff,978.099,10000.0,1350.505,716.631,502.036,344.399,326.734,10000.0,10000.0,149.424,144.738,118.678,128.95,161.651,742.552,unsat
bbf800109d039e117ed60593c185692c,10000.0,10000.0,10000.0,10000.0,10000.0,10000.0,10000.0,10000.0,10000.0,10000.0,10000.0,10000.0,10000.0,10000.0,10000.0,unknown
bc3a8bd47c5575c2f1b31882d28ee091,10000.0,10000.0,10000.0,326.121,10000.0,10000.0,570.075,10000.0,10000.0,10000.0,10000.0,10000.0,10000.0,71.85,10000.0,sat
bc7dc7a83b442a2bf4cf8cae3f0e0faa,411.552,441.944,347.636,159.056,193.1,180.639,138.394,10000.0,282.44,92.287,90.461,84.134,81.78,66.538,303.981,unsat
bca01a49805df3399a0438191019e417,31.336,34.226,16.979,26.304,43.07,2230.207,10000.0,38.055,1506.515,1.086,1.076,1.076,1.096,316.026,0.846,sat
bcd753d08904860fa93a794557185e04,56.667,225.731,74.92,89.73,23.303,79.646,42.632,347.19,34.508,45.611,32.629,25.909,26.877,23.797,10000.0,sat
bd0b055b890a9ace598a0c4aba40de30,92.732,101.237,92.242,128.397,75.366,112.719,116.718,1111.687,94.092,104.093,105.106,93.031,96.772,82.732,624.872,unsat
bdc85226a8d910a8b7d6a8730c7a4572,12.558,26.949,10.081,27.49,23.003,12.868,22.868,302.987,20.671,33.211,36.21,37.522,21.684,16.07,220.792,sat
be5c82b97513a31e0b3bcc1c231018ad,120.974,31.975,121.452,150.701,90.384,289.182,243.154,332.653,136.877,65.519,63.55,16.512,17.509,141.679,44.585,unsat
c0069efa0c924e416878d9426f1ef92e,46.948,4.936,28.282,17.788,54.247,1069.124,10000.0,32.053,868.562,1.073,1.074,1.073,1.091,435.642,0.813,sat
c115ebeec47bb82fa7f9850a632ec94a,0.535,1.092,4.331,1.77,0.879,1.229,1.258,98.45,0.785,1.357,3.351,2.437,1.434,0.508,10000.0,sat
c1324a6876269ee93890e266fe214557,165.843,11.509,46.299,43.303,20.026,10000.0,10000.0,33.87,251.832,2.077,2.078,2.078,2.099,885.224,0.846,sat
c1b5c3d1016de7baeb0ddb3a2ab2d891,54.312,74.82,15.075,18.293,17.013,10000.0,10000.0,32.7,761.875,1.077,1.076,1.077,1.094,134.274,0.847,sat
c32f194ad850c944142c74514dfb3c5f,10000.0,10000.0,10000.0,10000.0,10000.0,10000.0,10000.0,10000.0,10000.0,10000.0,10000.0,10000.0,10000.0,10000.0,0.646,unsat
c40838cb3ed9babe51dc41185e70a3dd,131.145,162.923,43.632,60.054,86.535,44.471,54.506,4733.546,108.581,39.707,40.14,38.252,36.982,29.82,116.138,unsat
c7bf3517f47d583ae567de3db3708969,10000.0,10000.0,10000.0,10000.0,10000.0,10000.0,4847.716,10000.0,10000.0,4368.302,4660.429,3966.034,3860.342,10000.0,10000.0,unsat
c9af5b23c87350f5d817acc9ca7b69bb,851.017,10000.0,949.021,820.986,838.957,1736.15,708.087,10000.0,1337.627,1204.16,1183.158,1204.166,923.162,1532.342,0.652,unsat
c9f7ca549a6773bea4628e2c66f597c6,0.548,1.129,1.166,1.474,0.549,1.175,1.211,120.893,0.628,1.299,1.298,1.362,4.364,11.999,10000.0,sat
caead0e04b6de4365822b25dfd55967f,640.555,2069.124,377.445,103.229,777.41,3240.377,442.189,10000.0,305.473,1778.636,126.452,1332.669,1737.729,2124.946,10000.0,sat
cbd0933002d6c4ea99ceb47bb0c3f4c9,10.515,12.62,11.479,7.873,13.43,9.069,171.102,114.263,33.402,15.169,34.175,20.164,5.184,23.44,41.784,sat
cd118ff851f95661b2a3adfc3e393c74,116.183,314.893,733.211,611.461,1185.318,21.044,174.055,611.351,29.32,27.064,3.062,44.07,11.078,49.479,10000.0,sat
cd58fa8eba4046fd0a86642e1fe26cb9,10000.0,10000.0,10000.0,10000.0,10000.0,10000.0,10000.0,10000.0,10000.0,10000.0,10000.0,10000.0,10000.0,10000.0,10000.0,unknown
cd86fbfd8b7e0d66ec5fe8fe85c014d3,10000.0,10000.0,10000.0,10000.0,10000.0,10000.0,2400.228,10000.0,10000.0,10000.0,10000.0,10000.0,10000.0,4432.871,10000.0,unsat
cdd131110acc861a5a01fae6c4936c91,64.48,59.449,7.772,176.129,64.773,1328.425,367.387,1054.686,20.076,53.896,97.11,63.962,107.522,12.388,10000.0,sat
ce49f590c98885f7ac95567f2b1e7dd5,7.269,10.963,5.692,11.134,6.593,13.09,3.089,44.846,5.757,2.284,2.281,1.275,1.295,5.638,2.561,sat
cea96962ebd736646af54d950943d909,12.991,5.066,11.071,17.676,17.058,17.046,1794.184,33.207,118.816,1.072,1.074,1.073,1.092,10.16,0.632,sat
cfc53adcc8ed18ca161bb6f8bc02b237,123.121,28.772,141.174,191.734,116.42,159.175,203.148,383.165,121.514,56.538,64.526,15.521,16.515,229.469,50.885,unsat
d0364ea3e1680c6da7e982e6b0264af6,0.052,0.209,0.567,0.58,0.047,1.036,1.036,2.274,0.095,1.06,1.061,1.06,1.072,0.135,535.992,sat
d0fe6bf914469ca51675bac9078a2c0b,11.041,41.14,123.241,126.767,24.608,14.32,435.362,54.144,36.371,14.655,35.656,19.816,7.831,209.671,54.983,sat
d17aa530bbd09452b0f32daf4ab9c8f0,10000.0,10000.0,10000.0,10000.0,10000.0,10000.0,10000.0,10000.0,10000.0,10000.0,10000.0,10000.0,10000.0,10000.0,0.649,unsat
d1a62a8688c6c4fabd0dec3770ce40dd,0.423,0.59,0.949,1.084,0.978,2.04,1.039,16.572,0.486,1.078,1.077,1.077,1.097,0.236,4.957,sat
d1f4348ad66cae01386777daae51c024,10000.0,10000.0,10000.0,10000.0,10000.0,10000.0,10000.0,10000.0,10000.0,10000.0,10000.0,10000.0,10000.0,10000.0,10000.0,unsat
d3529338d35aa27e8024932d3b5f64b5,12.299,4.148,6.548,14.585,12.9,15.539,24.537,203.265,13.112,14.408,16.394,13.565,12.589,10.037,130.542,sat
d3daba681653ea969bedf0c4a2fdb947,12.508,39.249,16.476,14.797,9.657,111.047,74.046,1018.039,111.515,63.088,63.084,50.081,49.097,36.081,64.787,unsat
d46c3fc9e953d4f84e8a18e52e29e7b7,10000.0,10000.0,10000.0,10000.0,10000.0,10000.0,10000.0,10000.0,10000.0,10000.0,10000.0,10000.0,10000.0,10000.0,10000.0,sat
d5efaaee0197822c2676e45bac5068b2,24.496,30.669,30.774,22.393,25.211,30.587,33.583,280.251,19.997,20.605,18.591,21.903,25.86,15.97,250.819,sat
d60f56735dc8e89d7d91a01f4340df0c,112.976,507.623,236.055,269.109,191.74,627.822,535.821,10000.0,483.631,609.826,494.809,457.805,533.802,552.049,1924.346,unsat
d6402b482a5dc102a5b09360689e2be8,22.209,12.109,40.698,23.904,8.605,141.059,63.054,476.964,56.798,84.111,119.12,52.108,67.12,67.341,55.386,unsat
d66ab8bce1b8979dbd26b3c220e817be,10000.0,10000.0,10000.0,487.415,10000.0,2450.61,1475.744,10000.0,3985.908,10000.0,3969.243,10000.0,10000.0,3057.65,10000.0,sat
d7f381cd99ca40ba3324c8cc03a54269,12.954,28.771,17.28,22.966,9.63,31.04,17.043,98.379,15.29,19.047,17.048,16.049,17.05,0.066,18.962,unsat
d84a89fb1bc1ff37dc4737867257b290,36.56,1.276,31.788,83.553,122.34,4329.364,10000.0,37.641,10000.0,1.077,1.076,1.076,1.094,4399.253,1.071,sat
d89718e39ff99638c2882b47988120cd,0.486,1.549,0.961,1.271,0.454,1.209,1.209,125.149,0.775,1.427,1.424,1.488,1.492,0.566,10000.0,sat
d89f0a7a08f9b60579b26b01e2196394,10000.0,10000.0,10000.0,10000.0,10000.0,10000.0,10000.0,10000.0,4137.667,3120.44,3132.457,2680.411,2689.509,2491.788,10000.0,unsat
d8f131a86243ef138af39abf52a479e5,15.368,22.566,23.88,42.703,17.474,25.629,19.597,224.946,16.516,25.583,22.59,21.903,22.962,19.258,1290.601,sat
d8fa4265b93d0931ba6484e3cc0d7ab1,146.656,58.76,109.836,119.593,133.603,258.077,198.072,2785.697,111.384,197.149,212.151,105.141,120.147,92.781,499.813,unsat
da43a3ef0ef5d34143e765d480dedc7a,35.707,19.91,31.291,37.316,30.357,41.389,38.4,1931.43,32.808,14.934,20.952,16.946,13.605,32.084,88.006,unsat
db4a0d4ba26c46d66ad6cdcb0645a4d9,14.445,29.783,24.489,22.068,11.024,81.042,58.041,625.787,85.34,59.062,62.063,34.062,33.067,26.946,37.677,unsat
dbe18c99e95ac42816b99b96d36a8732,3952.46,3426.931,3505.907,3814.344,4895.662,2563.867,1914.82,10000.0,3099.418,2958.052,3226.252,3784.725,2797.476,3101.554,3182.779,unsat
dd169198070f9aa35015de65e8209a05,934.921,3133.693,1132.783,968.218,853.422,4474.334,2730.272,10000.0,1169.271,2591.277,2658.291,1904.217,1846.253,1210.669,0.705,unsat
dd6ef995af0267ce71076250a1226801,3034.543,10000.0,4019.545,3431.519,2985.644,4517.365,2850.262,10000.0,2136.602,2617.357,2864.374,2598.35,2666.454,2022.971,3365.857,unsat
ddd3b43476c18cf483aac233d4dc1c68,7.613,4.519,8.457,11.676,7.816,8.425,10.486,154.17,10.211,10.13,7.129,8.216,9.297,6.683,123.032,sat
deef4e5f8bf88393cea9589dff97d70c,10000.0,10000.0,10000.0,240.989,2712.254,10000.0,3234.355,10000.0,1240.736,2347.602,2792.664,2832.677,166.427,1549.641,10000.0,sat
df237594dc22b8f7cad2c4b38a23e40c,10000.0,10000.0,10000.0,86.736,10000.0,10000.0,10000.0,10000.0,10000.0,10000.0,397.095,10000.0,10000.0,102.964,10000.0,sat
e444548857eaf649c4624e3494c89c8e,224.025,69.763,353.545,591.065,295.457,795.219,870.246,678.952,405.832,155.676,157.662,35.635,36.624,360.997,124.731,unsat
e46bdd62b3789b64f7fbb3bd6c99484e,10000.0,10000.0,10000.0,10000.0,10000.0,10000.0,10000.0,10000.0,10000.0,10000.0,10000.0,10000.0,10000.0,10000.0,10000.0,unknown
e51a98d78f61103e0672579e87cfd7e5,10000.0,326.551,286.78,224.764,10000.0,10000.0,10000.0,1377.051,120.193,198.969,222.971,61.963,65.99,115.543,263.222,unsat
e5a72ac8f4880702a4deacc7854318e8,413.409,417.863,334.034,218.273,238.7,155.524,152.671,10000.0,346.683,97.038,97.453,87.925,84.997,59.959,393.328,unsat
e6d247292b525447a220323901842e4c,10000.0,10000.0,10000.0,10000.0,10000.0,10000.0,10000.0,10000.0,10000.0,10000.0,10000.0,10000.0,10000.0,10000.0,10000.0,unknown
e966bddd11e46b735f8520f8304e368e,14.514,26.232,17.376,25.488,13.803,20.584,23.588,258.109,22.522,16.603,25.585,16.98,22.933,18.083,294.552,sat
ea5b47b3ffb3b8cb77a2cff83cc1ffba,10000.0,10000.0,10000.0,10000.0,10000.0,10000.0,10000.0,10000.0,10000.0,10000.0,10000.0,10000.0,10000.0,10000.0,10000.0,unknown
eaf2f0803dd2045f1b189ee834ef0c8f,10000.0,10000.0,10000.0,10000.0,10000.0,10000.0,10000.0,10000.0,10000.0,10000.0,10000.0,10000.0,10000.0,10000.0,10000.0,unknown
eca3692344e30ae83a49158b5baf3372,0.506,1.087,0.861,1.098,0.476,1.221,1.249,96.037,0.806,1.444,1.449,1.52,1.522,0.644,10000.0,sat
ed76b075cdf07435c6e4f6203dd10cb7,37.453,34.403,21.885,29.804,97.37,2366.224,1894.184,49.78,1541.157,1.076,1.078,1.079,1.101,79.33,0.755,sat
eec821f866557886a5b0352332943fa2,28.045,11.619,15.579,18.604,31.691,1013.126,10000.0,36.082,153.85,1.073,1.074,1.075,1.096,92.639,1.448,sat
eecdcc36d35f06224cc972cbb08de804,20.477,12.039,21.271,14.742,16.545,52.05,10000.0,31.303,92.423,1.083,1.084,1.084,1.1,90.961,0.71,sat
f02379d63678798e38dcc52b043cc51d,87.142,70.888,64.716,41.396,14.075,592.382,521.385,51.144,210.749,45.671,8.656,16.83,2.828,506.429,44.283,sat
f0895a5904fb97278b7b54733ee1dabb,0.433,0.927,1.051,1.562,0.441,1.205,1.207,103.912,0.75,1.345,2.35,2.417,1.418,0.498,10000.0,sat
f08b3567642ea029452fff2c1d10c132,132.813,372.697,258.76,260.905,142.061,549.102,562.1,1525.86,257.128,501.179,457.174,210.148,216.152,201.075,169.064,unsat
f090d0d6eaff3b92c817f5db6fa47544,10000.0,10000.0,10000.0,10000.0,10000.0,10000.0,10000.0,10000.0,10000.0,10000.0,10000.0,10000.0,10000.0,10000.0,10000.0,unknown
f20c2aa0f9cced05a74031e0a3afaa1a,13.854,25.577,20.383,20.29,13.932,16.642,18.632,185.34,14.611,16.591,19.581,19.865,15.867,14.39,239.031,sat
f26f199564d6ffac7e700c2e66470ec0,2395.69,10000.0,2376.945,517.661,4369.675,10000.0,4751.367,10000.0,139.267,4909.553,4617.541,855.181,10000.0,10000.0,10000.0,sat
f35ed23733431177436a1e7797c07dfe,179.921,79.046,88.722,131.674,52.025,10000.0,10000.0,33.461,584.746,2.08,2.079,2.079,2.097,2556.299,0.947,sat
f4064d73fd6e69caf154046e61fea7b8,10000.0,10000.0,10000.0,10000.0,10000.0,10000.0,10000.0,10000.0,10000.0,10000.0,10000.0,10000.0,10000.0,10000.0,10000.0,unknown
f448874997bae64bd455fb00309dc738,7.427,18.964,10.358,20.978,9.017,210.286,114.3,141.42,74.737,25.533,9.535,1.675,11.655,258.609,29.87,sat
f55acea8f0d207becbbbd26a11d97841,1374.67,745.937,952.207,1111.445,1357.008,770.479,888.416,10000.0,1716.916,1146.886,1125.825,1552.765,1888.723,1401.639,1022.111,unsat
f57aba96bfed8f8a8b860eba1a8f1ea5,660.945,10000.0,10000.0,10000.0,10000.0,10000.0,10000.0,10000.0,10000.0,10000.0,1758.296,10000.0,237.161,10000.0,10000.0,sat
f88afbcd8b4c29a8c1b3518caa4e949c,10000.0,10000.0,10000.0,10000.0,10000.0,10000.0,10000.0,10000.0,10000.0,10000.0,10000.0,10000.0,10000.0,10000.0,10000.0,unknown
f959755d7c68ea8b64d900e589fbe21f,16.402,11.358,9.643,26.156,13.045,24.215,13.22,2379.524,15.58,16.303,14.301,17.385,17.368,11.073,216.1,sat
fab0db1ab0dd5baa3215aab51ab69355,0.782,1.122,4.176,1.772,0.713,1.207,1.209,86.226,0.725,1.373,4.368,2.464,2.446,0.508,10000.0,sat
faeb113864d97ea4cb3f01f95d2fe92f,4.123,1.336,32.187,22.897,29.657,10000.0,10000.0,33.518,207.796,1.075,1.074,1.076,1.106,884.814,0.753,sat
fb5d0254bc4b8d258eb84ea1dbcdda13,10000.0,10000.0,10000.0,10000.0,10000.0,10000.0,10000.0,10000.0,10000.0,10000.0,10000.0,10000.0,10000.0,10000.0,10000.0,unknown
fd1fbc1b090c14746a883b3a17259743,7.007,2.448,6.477,8.787,3.61,3.083,4.1,31.01,3.995,4.322,3.324,3.307,3.361,4.627,5.551,unsat
fd2af7622798171f23a4b8d2616df55e,10000.0,10000.0,10000.0,10000.0,10000.0,10000.0,10000.0,10000.0,10000.0,10000.0,10000.0,10000.0,10000.0,10000.0,0.641,unsat
fdc5aa7c150fd1c49ad3b50433277528,10000.0,10000.0,10000.0,10000.0,10000.0,10000.0,1492.122,10000.0,4670.897,10000.0,10000.0,10000.0,4263.243,10000.0,10000.0,sat
fdfcd52a21824b7181d66672f283ba04,0.433,0.545,0.666,0.787,0.394,1.059,1.089,295.938,0.27,1.115,1.115,1.116,1.135,0.279,3.25,sat
fe19a31b76cbba5901e16ce36c7578ed,0.053,0.033,0.571,0.594,0.047,1.032,1.032,0.212,0.051,1.037,1.038,1.039,1.041,0.103,0.645,unsat
fe8b1ef742724947620a419d0180a640,102.709,965.972,199.811,186.248,112.411,196.052,141.053,3068.894,134.602,142.065,119.06,136.067,173.078,0.066,626.749,unsat
fee70cede2b5b55bfbdb6e48fbe7ce4f,27.295,141.705,16.582,29.283,32.648,182.132,43.138,219.265,9.471,5.328,21.326,19.358,29.38,19.87,69.198,sat
ff5170c690129f8c94658e82b6aab05c,10000.0,10000.0,10000.0,10000.0,10000.0,10000.0,10000.0,10000.0,10000.0,10000.0,10000.0,10000.0,10000.0,10000.0,0.947,unsat
ff867fd35aa52058382a8b0c21cd1f38,1031.56,10000.0,1016.64,1739.808,1312.277,1860.169,1158.133,10000.0,540.657,1121.18,2926.355,1482.218,1742.295,0.07,4529.915,unsat
