hash,satcomp-mallob,satcomp-prs-distributed,satcomp-solimul-cloud,aresult
004b0f451f7d96f6a572e9e76360f51a,16.632,19.478,15.483,unsat
008e7716c69009090ff6bd0048dc55f8,17.706,43.392,19.35,unsat
00a981f385cd209d41e1efa1f5f29bac,1.911,3.075,4.661,sat
00b46ace235e3915a439c77a231a5657,716.03,104.704,16.258,sat
00bb0b4ef28ed38c49de4c54b9fabc4d,784.35,2000.0,458.603,sat
00f2eb377986e7decbc863931680a3b2,1.191,3.514,2.553,unsat
00f4aca773e5675f35263dcd46b15bde,1.371,2.496,3.354,sat
017ba03ed108f492c9293c7c95e5cae9,109.462,2000.0,190.602,unsat
0191a0bf3412ed407ba669f8d69081ee,4.394,4.87,6.694,sat
01966a0fc52b2200a13f5f835275a919,9.501,46.68,15.565,unsat
01bd0865ab694bc71d80b7d285d5777d,26.711,26.882,33.576,unsat
01dd5feb463fa80f73809718f6ff735b,18.782,27.815,22.45,unsat
02066c116dbacc40ec5cca2067db26c0,3.517,5.057,4.679,unsat
028d0cc7af63e9bba5795f20e24db4f6,2.419,2.288,2.741,sat
0297c2a35f116ffd5382aea5b421e6df,1.606,2.637,2.732,unsat
02c6fe8483e4f4474b7ac9731772535d,26.036,43.697,99.558,unsat
0336f81b60baac5b8f481dd3c32861a5,2.711,4.787,7.579,sat
036b541db9d0839b0591d408ff4f77ae,24.32,22.607,41.695,unsat
037c423f56548082b1935e88c48ffdda,1.228,1.773,2.357,sat
037d21e060a2e3eab8b080aa84ceee75,1.494,2.189,2.778,sat
03a43a7ea55217f53542ed3f029963af,551.143,253.332,556.607,unsat
03de316ba1e90305471a3b8620cb9cd7,1.304,1.682,2.439,sat
03e9d1abe418a1727bbf2ead77d69d02,67.858,203.01,85.621,unsat
06b138e8a6da806e88ac7da2919cef30,2000.0,47.48,42.602,unsat
075ca0a158690a55b7254d9aaee2e103,37.659,18.588,26.772,unsat
0811f761eee5e4ef28196fd98884a67b,69.426,195.899,112.569,unsat
08455b2e1e6fda910989f0481a20f1c3,58.04,40.555,60.391,unsat
090eefb9bc472f6478e70baf2c6d2403,585.673,417.48,2000.0,sat
0945c95ba9b82c32d12fc9d9e5229c5a,2000.0,2000.0,2000.0,unknown
096ac97e4261eabca440fc7bc135d7c0,13.79,15.194,25.546,sat
0982db5b0b15642e79e8242881529b39,2000.0,2000.0,2000.0,unknown
0a279c478775cdeede51ad431aebf200,2000.0,2000.0,2000.0,sat
0a4ed112f2cdc0a524976a15d1821097,213.638,2000.0,2000.0,unsat
0ae0c5a4fb9001d63669a0aa5b592167,2000.0,2000.0,2000.0,unsat
0be1e12a8e7282d1a4e389bb90f6dbc7,2000.0,2000.0,2000.0,unknown
0c9da400944b002f90fd385d4fdab385,2.62,29.371,4.643,sat
0d3e99a07b6a6b67ac59d706c0af9d68,69.589,171.562,141.648,unsat
0eb98926b26343d31954169dfbde2b24,36.532,24.446,208.594,unsat
0ef0d91d378eab41ba6fb9dfc9b87fc8,106.984,111.466,87.411,unsat
10196804504080e7107809a2e5b3bfcc,3.898,3.781,9.25,sat
112b0ac22b2a567cd3badfed3a5497fd,7.604,1.106,8.293,unsat
1153a473e1d5dd21ccd33189d594a4aa,2000.0,2000.0,2000.0,unknown
11db226d109e82f93aaa3b2604173ff9,1.172,2000.0,2.686,unsat
14a5ff0d6213dcfe182ec656764bbdfb,17.714,21.26,441.683,unsat
150b5f8cac40bb4e0fcbdd65c3c04701,2000.0,2000.0,2000.0,sat
15a2ec07aaca45d454a2fbfc0624e75e,118.767,125.085,234.858,unsat
15c53f73c62a78c24bf5974e4a7afcd8,182.524,328.0,2000.0,sat
17039a3ed02ea12653ec5389e56dab50,2000.0,1.691,3.107,unsat
177a4ad8fd76ad8240387998112c3168,8.517,14.796,33.574,sat
18416a9ac0909dce5fa96345f784c87e,2000.0,2000.0,2000.0,unknown
189e5991b041a89700513106988e720d,2000.0,2000.0,2000.0,unknown
18babbd2835b8a37c6299f8b0301c7c9,1.673,3.097,2000.0,sat
19004c7d629f7e6e83c6e1d7a9a768a9,3.956,6.622,4.663,unsat
1932e1e8f0c78372759909e45a19ecc7,1.93,2.752,2000.0,sat
19c6a29181bee2f3aa03bfb5c5d693d0,23.279,23.956,33.696,unsat
1a20649a8c79d6675d934cec271d573f,2000.0,2000.0,2000.0,unknown
1a40d2d8c589799a0d267cae03fcd4c5,1.289,9.469,2.35,sat
1a63072b90f88c7fa621b5041f412b79,57.67,19.803,50.404,unsat
1a6a635f5b959e191ec705b2f236568a,2.493,3.947,5.058,unsat
1aa7cd96ab1f7bf58984deccf8362ab4,1.263,2000.0,2.984,unsat
1b02025658c2a23e1fd3ce0a9c3633cb,2.662,4.542,19.681,sat
1b86f59ce4c43f19f0ad1238f8c362b4,7.86,25.909,33.281,sat
1ce81dbba1292bf791e194b17aa2a219,29.894,72.825,129.622,unsat
1d1af993697599892804df5878d58979,1.594,3.302,11.576,sat
1d42a7c3616ce163e292340cfcd34f97,2000.0,2000.0,2000.0,unknown
1ea7fe95e6158afe11f7b795b9aac939,2000.0,2000.0,2000.0,unknown
1eea3d913d346b900252d77fc0cb25c8,3.913,12.077,358.651,sat
1f215812371f0c428eb1f1e51f9f23d7,11.014,2000.0,2000.0,sat
1f6cf91464c6a19022144774b162a3cc,4.51,29.638,9.58,unsat
20be6aa61af15fd53b4c48eb3f2f3319,2000.0,35.708,2000.0,sat
20cae5fe475d571da703f89d5da4bb8f,12.51,24.37,25.29,unsat
211938776d92f11870a687abd11d55a4,1.261,1.663,2.344,unsat
21667cf04beae213adbab0d48408a7e4,29.817,23.103,176.697,unsat
21bde0ebb111c637a1ae8789827b0b73,1.409,2000.0,2.947,unsat
220bb8aa093e502c47afcdac3140d67c,1.367,1.914,3.256,sat
22d0a2fdc65d884c2bbde56af9feba4a,764.452,314.355,795.884,unsat
23c4e178c94c0dff82ea6c87abed7ecc,2000.0,2000.0,2000.0,unknown
246afd75cb97a21144f368c00252a656,1.295,1.136,2.551,unsat
24b93d0bf941e4b050c9109e4cb7faf4,1.196,1.656,2.359,sat
24bf910d2b9da558fb3e71a4dbe79ba3,1.294,1.735,2.665,sat
2537f10a45d7ab430334dc1de6bfbdf0,14.615,14.747,27.726,sat
25b7a69d04a5029cf4ba2f483b5bec45,21.818,3.748,10.568,sat
26114429758a203d651f4df87c94de4c,4.606,5.26,6.543,unsat
262009b8df6350761c7dfc8761f0af79,230.45,461.425,112.786,unsat
2722f39c27dc45a989bb52761ed52e50,526.712,2000.0,2000.0,sat
275d36e3f246990dccd094e5e1442ba9,354.674,2000.0,279.822,unsat
27b4fe4cb0b4e2fd8327209ca5ff352c,2000.0,1.644,3.047,unsat
28857e681fc6a9077d5a7d0e9c7a19ad,62.471,43.909,63.579,unsat
28e45a3e488ddac73b6116cc6f3e67e0,6.401,56.099,28.291,unsat
28f29fe949422ec88892e18073de065c,2.832,4.194,2000.0,unsat
2902c241b2196f5fd914509fdc124ba7,2000.0,2000.0,2000.0,unknown
291c2b4fa2d8b009cd2a8331891ba667,10.305,22.106,29.414,sat
29505dfcf090c4cfdfb59268160be81d,87.052,95.45,162.596,unsat
29bab0de14e56e526be9683131005cb2,1.701,3.761,3.352,sat
29e101b66dfddb440e974b9feec5b1aa,13.172,15.144,12.488,unsat
2a144840047376cee3b7b99455158976,5.509,8.467,7.57,unsat
2a4680a801ad32ab8768030250daf0c8,2000.0,2000.0,2000.0,unknown
2b3de92685792ae19e4549b5c4571e27,16.797,84.185,2000.0,unsat
2b7e863462991fd008f9898eca63ebf4,7.482,17.343,32.703,sat
2c9dc96b7a8b0410e64dd33f7e00a0c1,888.541,724.543,2000.0,sat
2d0c041c0fe72dc32527bfbf34f63e61,1.322,2.15,2.367,sat
2e808d215e4155379a847b146ef38b34,103.953,218.971,151.638,unsat
2ef023ae6c46e4415734f9349a36d678,15.711,30.729,20.379,unsat
2f219dfa21d996e1834aa247f934f304,34.688,91.517,117.537,unsat
303ba61141150f84b0d8b44839df59fd,2000.0,230.699,2000.0,unsat
30e680ded3b9be6be0b5baac273f2646,37.703,18.645,27.387,unsat
323223c497a22051f5a3ef508ccbaa7c,10.387,17.34,29.403,sat
328da7966b09b2f6e99c93c4e877fbff,5.671,2000.0,2.751,sat
339b1cfda231aaca601cd6339c07ca2c,2000.0,406.784,2000.0,sat
33bcf82677b7fdacf18dd48892596a1d,24.251,24.727,659.568,sat
33cfa309d10e1d4fe30f1302807f42ce,9.015,15.55,38.654,sat
3498eea73b78ddc444cbee48b121c541,110.582,2000.0,319.531,unsat
34e5fd58b65bf305cc773f0dbfb47917,598.944,367.016,286.597,unsat
358fa8d20aa467c7e9b9bf34f73d1dc9,3.917,9.612,9.443,sat
35b19a3332597c1e5a3668f75ca72971,12.207,17.134,36.599,sat
361290e60ab2a8ea9dccfcff65bf0778,18.627,21.978,418.718,unsat
3663000b31a5c80922afc6e48322accb,2.076,2.24,3.549,unsat
36c342091848d5d6a1a8eeb3a8b49b86,1.164,1.66,2.635,sat
3728fe50d8038c639c2d9c84e04fe2b1,2.489,3.336,3.368,sat
37d40a1092b58ad28285b9453872d211,2000.0,443.523,2.578,unsat
385a678ba820d79c6fb5f497adaf32ec,57.556,211.075,125.53,unsat
385e2c7010a419a9bd47b9258c9d2903,1.288,2.134,2.931,unsat
38833d6a1ff6a56ef22bd2dc1e3fdde7,7.121,10.334,5.742,sat
38ca761a5808eace8bc8f1fcfdb5b5a8,686.67,2000.0,578.626,unsat
396245861b331d45e1345bd43fe352e2,6.798,3.439,13.377,sat
3a7a64e1d6cf5ce969b2b05b5464f707,10.046,21.999,15.483,sat
3cff6c97a515aecfe46ba0f1256a3c11,3.65,3.103,4.55,sat
3e7dc7350195104b76b7d03ab5b0af8f,16.775,30.426,31.374,sat
3f341c57c37d86350af5233b8e15e52e,13.394,128.319,2000.0,sat
3f4174289e971950c290f27892169bc5,313.477,146.001,190.361,unsat
3ff114cc7bee4f39fa56a0325e605c2d,5.691,28.449,7.484,unsat
4029fbae284eaf924b37b6f43d3a67fb,2000.0,2000.0,2.444,unsat
40ae60a61929b6bfa2ac99ab4b9a0f7e,317.891,710.29,751.28,unsat
41457ee03686b32962c12445524f62a9,33.023,1.083,53.527,unsat
41a8365f60db55b71d949df6954e0db7,1.183,1.215,2.865,unsat
41c39c9a2d75ca50b603ea7c3d86106a,1.773,3.201,10.595,sat
4282ea42fd414bfd2c4bf81fe8a43e24,6.9,34.317,12.527,unsat
428da12ab8f5f68ae261e6468c2fef73,77.133,2000.0,4.472,sat
431bfb466be51ecd86b321b5cbce6d3c,1.512,1.916,2.739,unsat
4380f8ed143d97a65f8888b2feeddb80,2000.0,2000.0,2000.0,unknown
4408f30395fb799e01b34b0dc7ee1d62,2000.0,2000.0,2000.0,unknown
44092fcc83a5cba81419e82cfd18602c,1.194,1.109,2.732,unsat
44ad104c3b0c83b4cfc260583dee2397,9.358,20.556,23.624,sat
44b249f51321a2bf38f730534b781bec,1.281,1.909,2.471,sat
45faf223af97fe9177daa3ad4002cf2f,91.803,99.952,170.405,unsat
4611cd26b441b8c5866e4a2c5a7952dc,92.568,686.488,62.411,unsat
46e119b7ff8d0781354bfe68139c99b5,57.673,2000.0,144.599,unsat
48539e7e4baae6db72cda7e8a9cecfa0,229.001,2000.0,2000.0,unsat
48ac8814180bdc90bf96a4caea64dae2,2000.0,647.078,510.77,unsat
4989239fbeb6eb40fc0b664d9ba92636,36.007,17.427,27.446,unsat
4a6a797c6b4a8055d10b74edda9a5e30,2000.0,2000.0,2000.0,unknown
4d2f74ef97b6d40ebd71f85dcb75c543,1.953,2.166,3.264,unsat
4e64ffc14db014d5591f40865376c32a,16.615,19.541,221.733,unsat
4f38f4b005cc54122135c8c21aec4b85,490.444,766.397,310.591,unsat
4fd2e4e6ecb4fe8d3f9e1fda81633469,1.673,3.163,2000.0,sat
4fdcf4248a332c1c9a89d37439c879a9,287.714,116.507,2000.0,unsat
4fe42891b004d7425631a8edb4252d3f,743.543,2000.0,2000.0,sat
4ffb80a0ad8b753fee1492101ffcbdbb,2000.0,333.906,2000.0,unsat
524848d379582b63060ed43d3729b9f3,54.483,29.969,256.65,unsat
52be8740aab896317320cd44a5d2af2f,2000.0,2000.0,2000.0,unknown
53799aafcd0c684a2adc79400bd35f82,16.006,17.283,216.525,unsat
5437ba8972228ea5531a69a9aa064acc,55.503,30.15,282.639,unsat
54ab5a53d2fdfcda16ec74768b29f901,2000.0,2000.0,2000.0,unknown
558113ad4d50130351db8c426230a50f,57.664,20.503,51.228,unsat
558ce551d2b933b7a5f1c7d2a6044930,1.257,2000.0,2.842,unsat
571a2f223784fb92a53b4cc8cc8b569e,2.501,3.186,3.739,unsat
578b5e6a2f0b295168cb6c5420810a72,5.523,15.099,6.871,unsat
578f9377bfbfcc6ea3a18eb630667956,1.209,1.798,2.46,sat
57c305967b30c503da1737258e6cc7e5,24.608,57.828,37.579,unsat
587150fb7b12a6b5dd7e4a9446b9713b,1.297,1.615,2.967,sat
5918f1624d4dfd964227356786a4e9ec,2000.0,2000.0,2000.0,unknown
5a72cb588bcda7b1b54a1eac6b19ab2e,178.607,88.854,156.542,unsat
5b3d8a4465726adfcb58b9cdb1cc33f1,2000.0,2000.0,2000.0,unknown
5dc5185101e1d439d14f0a04acfa9bfb,283.618,346.411,2000.0,sat
5f6861053fb4ed4fc0b997cd6b505ef4,2000.0,2000.0,2000.0,unknown
62c763bdf8d351b15df3a4d62a03eba0,1.83,5.71,16.663,sat
63159b6b10c3d6832bd5944e05d78b11,1.273,11.097,2.448,sat
644fd765d26bd4a380922ccd0f594c58,50.488,1.116,124.696,unsat
6549f23728c52d5319f30371ff709622,103.074,2000.0,201.799,unsat
65b1e2253626af4a72b954f8186a5880,47.151,29.452,45.671,unsat
670a24d73dbadd3073e9604c6ef903d1,2000.0,2000.0,2000.0,unknown
67904554c73addf89fe675bd8e494641,2000.0,2000.0,2000.0,unknown
67a5b7ccde980b37576b993c79e176b0,162.592,84.06,146.05,unsat
685d37e93ba26197925353e58026ae10,63.434,36.078,51.809,unsat
68649ac2830edad5d0dc7e3d13935132,1.279,63.731,2.451,sat
6aacae96461cb65176942b6dc88ea470,586.645,1.139,2000.0,unsat
6b2ccabf0304af478a558b8a333ced32,2000.0,2000.0,2000.0,unknown
6bb485770dbc3943ea84933a03131958,53.744,28.887,312.606,unsat
6d67f76f114db9801952ed155e745e16,793.394,2000.0,2000.0,sat
6dca14e1af1795565d1e502ddc7d376b,63.935,47.16,66.959,unsat
6e31e88a5dadaa3876eb5ff4293134c2,138.269,78.472,142.429,unsat
6e5efd19744842d1fa5415173bffbf6b,2000.0,2000.0,2000.0,unknown
6e9cae5108bd423666c73aaace197769,2.971,3.191,2000.0,sat
705f6075b27775e03daf6e8d781cb953,4.195,6.622,7.065,unsat
70af2c3bfd44bcf9baa2a9605f4a17fe,2.68,3.809,4.255,unsat
70ce0cff914efdc48f2a8fe86b5c68c6,14.909,3.616,3.67,sat
711ff7681711949f44b07a0d530dc729,59.112,19.427,51.616,unsat
71270454196ae092b28d0a74300a85e1,18.477,38.49,20.715,unsat
71758ed7637888d4fd4593ec820677bc,1.269,11.354,2.371,sat
71bca76153c6ee65b72a517fd658a42d,1.311,1.801,2.566,sat
71cf538aa0751d27f144de9c8d82e458,58.86,2000.0,5.345,sat
71dbf7ab78ef93c3d491c67752f03fd1,2.888,3.838,4.689,unsat
727cd7c528ac106f134cc882c9202108,94.48,101.956,116.678,unsat
72b5ad031bf852634bc081f9da9a5a60,1.194,49.092,2.854,unsat
73063c6257a4ffc29f5bea7028403a64,1.738,3.697,3.68,sat
74931e82fd208ed949fa44bccd80df6b,3.398,45.974,4.583,sat
751402d0738e5622b599c651283cb48a,1.305,17.659,2.653,sat
751afd7ddf8f242ed7bd93517ba82149,323.952,1.258,2000.0,unsat
758f9ed67b4d2068c209157335e07266,565.456,131.657,2000.0,unsat
78d23f235b63b1b7f08eb1b6cfb03f34,283.519,703.905,2000.0,sat
79391ed5a7f19b947cefe7af1178146a,378.951,2000.0,2000.0,sat
79c109a8c1da53c6b636d3835f11a19d,9.704,19.747,16.359,unsat
7aaf3275cbe217044ef305f0a1ca8eb5,1.243,397.461,2.849,unsat
7b4622a3ab523264378a560199de47ed,3.563,19.456,7.304,unsat
7d58f2f0c79cbcad0496ced184ba0680,23.665,286.984,182.116,sat
7dc81d3cb9066f8bc06ceffbca237572,229.109,2000.0,105.553,sat
81d2158d506ea1049708837460b9387e,8.564,47.096,14.587,unsat
824c21545e228872744675ae4ee32976,2000.0,2000.0,3.376,unsat
8252d67358381873e07bb637ad177b83,95.459,54.319,88.7,unsat
8270ae50e6f2881136868db6d3a88eee,14.495,77.27,21.588,unsat
828e1066a477e98e8d834528df3fc874,2000.0,2000.0,2000.0,unknown
82fe0a5b2467d6e5299c315da8b16ec5,1.579,2.799,2000.0,sat
835ac60ca83af6f334b64b61c4ad345b,2000.0,1.658,2.662,unsat
83cf6bfa7945b54e8c4ac659d1a4359e,9.88,14.699,28.5,sat
8403d03df1ce64af3bf7581449d320fb,1.79,2.639,2000.0,sat
85240babab8083e1b381e2971d875ab8,50.627,28.585,248.9,unsat
8751f8d1570611ba079dfd862b14c514,10.408,13.449,28.385,sat
87ec32f70c5e3a279e636f7f62e70a19,2000.0,2000.0,2000.0,unknown
89120de895868a3fccd74f30f78a5448,339.875,2000.0,2000.0,unsat
8a7a61a63a718e4dc5aba5426b31c063,50.226,28.32,306.726,unsat
8ade10da9731ce31d103c1687ff40a3d,1.576,2.772,2000.0,sat
8b797110ff321ee673eab1542069f192,2000.0,2000.0,2000.0,unknown
8bcd3f3e269fa3c9516667b626d61602,3.08,6.607,2.648,sat
8c7477dc33a412514998a2fd6b32dbf5,2000.0,2000.0,2000.0,unsat
8cf6b81061285343c4f33c51afdb3fbb,24.469,38.675,34.585,unsat
8cfc8e99d31bcaf18ff3360b08c8521c,162.814,184.034,167.526,unsat
8d31ec9edeac705ffd1b23f0cc4f3256,4.613,4.004,5.65,sat
8d458780fb74c28c01a5fe89990ad521,5.494,1.134,6.563,unsat
8db36208fc6ce43b4002cf048c549b3f,96.572,2000.0,94.662,unsat
8e30bfdb721ca0a20031c79a76f9aa7c,51.742,28.63,303.617,unsat
8f7cd9fb4b8852fdf9a21c606724c71a,36.634,24.209,203.648,unsat
8fa526d20599ca8c3d613e9066d62e61,41.872,48.486,38.499,unsat
8fcc57f6c75cb2ac48d19e3038ad3c6c,38.055,16.734,26.798,unsat
909f704d5f4127c1197a086705468624,1.258,1.832,2.569,sat
911cbc796d15eb316d36c82c90fd7d11,1.304,1.753,2.628,sat
91b88d172a08e2a57c189bddff51bfd5,238.601,2000.0,2000.0,sat
92387c29e87aa857e84feb301f3d6aff,1.309,1.834,2.663,sat
92c17c00d862668de6e6c45d4eecdc75,1.511,2.26,3.359,sat
92d6795785d35d1dcc42b15dc0e933d0,1.565,1.876,4.804,unsat
93a87994c03a7752f85d863239555d48,7.399,18.951,27.394,sat
945d67baeb7860df648ab6ef4782d5ed,2000.0,2.236,3.353,sat
953e9ff735bdf5ada27b0ab2b908b6af,8.475,60.42,10.586,unsat
9631e4082abf03e560b889c5715d3979,8.517,26.232,30.404,sat
964162c1faee2c1e3a4dfa4f9c75c34f,2000.0,2000.0,2000.0,unknown
965ca988015c9aee5a1a7b2136c1fe5d,2.149,1.139,2.865,unsat
96ae6bde39369f75aa975b0f5b74c325,10.716,4.156,7.359,sat
96e01064ac3b644143278c21859e201f,1.814,2.572,2000.0,sat
97a17306a2882e0fd1aa3981a267df0d,2000.0,2000.0,2000.0,unknown
9811b95bfd5888014d27e6dd384ff502,5.988,30.352,7.544,unsat
98c6da979a0a22d384d465a1da17111e,941.268,292.313,2000.0,sat
99d134de6323a845a2828596a48bbb1d,2000.0,2000.0,2000.0,unknown
9a413c250f82a93d513d4092ba654ee2,38.631,17.199,27.379,unsat
9c7043290cee8127c3626d8067759267,8.424,40.738,11.566,unsat
9de6ddddf7fde06bf2efd955e2bd1a83,1.354,90.875,2.654,sat
9e18c079efdc17ceade5c7a330b507d2,8.204,15.329,27.256,sat
9e7f2b92c6e46d03ddcafd798aa80cb6,2000.0,61.062,91.626,unsat
9f3ef12b5b68f92eb9265721ea73bb03,9.761,4.48,7.566,sat
9fe43145e48a0ef0096bb72531f1a0e3,6.998,358.17,2000.0,sat
a09a2d7397732447bdcc9651973767b7,32.501,86.222,293.57,sat
a0c7aea176b5a2b65c27c8af7039326b,48.209,127.753,168.608,unsat
a1276d5dcb822aa03806df58fa9ca1c8,16.393,32.72,30.682,unsat
a18b6fbdfee43c007e07dedf15477797,1.392,9.313,2.467,sat
a292411f3f563a47c05a78f8295163dc,96.682,2000.0,186.779,unsat
a45b60e53917968f922b97c6f8aa8db3,13.533,20.503,28.508,unsat
a4941208671f6ebfd118e4e563538c31,1.287,11.889,2.438,sat
a4b05fbc5be28207b704e1fae4b7c8a0,1.282,1.145,2.444,unsat
a552a058e6376a36b1f1b2724f228364,35.211,70.58,45.479,unsat
a64f3c1afd7e0f6165efbe9fc2fc8003,181.454,2.147,91.525,unsat
a6d7268b35eec18656a85ad91b0413e9,4.078,9.164,5.588,unsat
a7a9ca7e06b6b1e979950ea96183d07d,162.578,51.101,259.77,unsat
a7bbcc6535cca5a37f015f29090e8797,280.776,836.863,638.707,unsat
a811388cc92def6ef2d639dc062d456c,1.969,6.901,6.342,sat
a83665715cf54e10f6d5382b97fd909c,2000.0,2000.0,2000.0,sat
a8dc92a9c0434576b47c82c94ab5c446,29.366,30.467,31.651,unsat
a8dcaf436bda091dad9ca1ff58de7287,58.678,20.422,53.392,unsat
a931fb0e1490883ee7719eab96ed558a,54.238,85.292,79.907,unsat
a98d77ba9d3fbe8b7c55cbf75b2b43a8,577.132,2000.0,2000.0,sat
a9d081cbb33e6051be2512f2a2269d65,145.48,72.361,121.65,unsat
aa0d6b8c63f57956b9aed350f38e0571,2000.0,2000.0,2000.0,unknown
aa4a861240c0c39b5aa44602133ae5e1,7.985,46.855,9.229,unsat
abe802007c9aed4eab2e758fb130174b,5.693,48.325,17.661,unsat
accf33a84bdf211bebbd2111fb7f6b91,3.872,46.292,4.467,sat
ad69e0a0880cd377e26260f7e4bc6d51,66.501,2000.0,81.627,unsat
ae7e391be73431e5dddf2bbafe95758a,7.151,45.869,8.552,unsat
ae9522ea003ea9f75891b2d37a5e264b,1.205,2.467,5.838,sat
ae9b7950ef1513068bb9339893ec8c50,1.185,2000.0,2.649,unsat
af1e84bc2ab44d87d1c4c0cbf9e601c5,1.271,2000.0,2.459,unsat
af3d5273605b21b9d4c56dd46cbf366a,1.271,3.341,2.454,sat
af5838e83024d2dee3942be8d8e35fec,2000.0,2000.0,2000.0,unknown
b09585f2346c207e9e14a3daf0de46cf,1.271,45.165,2.685,unsat
b157aeb75aec9158fed9e16d7fd2da57,2.697,4.625,6.27,sat
b2145c28dbed385329ea73a06d9c519a,2000.0,1.114,2.37,unsat
b3840e295097a13e6697fff6be813eeb,356.651,2000.0,2000.0,unsat
b44611ea7852dd30215cc1cb09e1ab79,10.325,21.582,13.571,sat
b5b1803491a265b02d595c1fb62d5991,2000.0,2000.0,831.763,unsat
b5cede38496a803dcfa155a5f4295c47,7.925,16.043,37.644,sat
b6c44ccb3174b7f0a69185b11de86cfa,40.611,105.486,108.348,unsat
b6c6f1081dbb672e8294685d03326b09,2000.0,2000.0,2000.0,unknown
b86f2425cafeb1239d65bd529e372e02,2000.0,2000.0,2000.0,unknown
bab57c8799cb05c8c1757c60d4ebdefd,25.751,27.293,248.746,unsat
bb8042839130ce5597c358c1955706ff,127.302,132.98,225.332,unsat
bbf800109d039e117ed60593c185692c,2000.0,2000.0,2000.0,unknown
bc3a8bd47c5575c2f1b31882d28ee091,2000.0,2000.0,2000.0,sat
bc7dc7a83b442a2bf4cf8cae3f0e0faa,123.311,63.019,114.643,unsat
bca01a49805df3399a0438191019e417,1.37,3.822,2.482,sat
bcd753d08904860fa93a794557185e04,25.655,45.791,45.483,sat
bd0b055b890a9ace598a0c4aba40de30,46.505,59.707,70.45,unsat
bdc85226a8d910a8b7d6a8730c7a4572,13.281,39.172,47.393,sat
be5c82b97513a31e0b3bcc1c231018ad,38.547,17.582,27.559,unsat
c0069efa0c924e416878d9426f1ef92e,2.478,5.796,2.452,sat
c115ebeec47bb82fa7f9850a632ec94a,1.561,2.716,2000.0,sat
c1324a6876269ee93890e266fe214557,1.303,14.544,2.434,sat
c1b5c3d1016de7baeb0ddb3a2ab2d891,17.37,17.488,2.976,sat
c32f194ad850c944142c74514dfb3c5f,1.186,2000.0,2.794,unsat
c40838cb3ed9babe51dc41185e70a3dd,52.111,32.268,50.3,unsat
c7bf3517f47d583ae567de3db3708969,430.374,2000.0,2000.0,unsat
c9af5b23c87350f5d817acc9ca7b69bb,1.25,153.454,2.568,unsat
c9f7ca549a6773bea4628e2c66f597c6,1.607,2.605,2000.0,sat
caead0e04b6de4365822b25dfd55967f,29.231,50.77,168.291,sat
cbd0933002d6c4ea99ceb47bb0c3f4c9,3.078,14.375,3.346,sat
cd118ff851f95661b2a3adfc3e393c74,13.673,3.29,9.753,sat
cd58fa8eba4046fd0a86642e1fe26cb9,2000.0,2000.0,2000.0,unknown
cd86fbfd8b7e0d66ec5fe8fe85c014d3,2000.0,575.185,2000.0,unsat
cdd131110acc861a5a01fae6c4936c91,6.006,94.139,68.401,sat
ce49f590c98885f7ac95567f2b1e7dd5,2.131,3.694,3.67,sat
cea96962ebd736646af54d950943d909,1.239,25.872,2.432,sat
cfc53adcc8ed18ca161bb6f8bc02b237,38.841,16.914,28.553,unsat
d0364ea3e1680c6da7e982e6b0264af6,1.292,1.853,3.367,sat
d0fe6bf914469ca51675bac9078a2c0b,3.7,5.646,4.343,sat
d17aa530bbd09452b0f32daf4ab9c8f0,2000.0,2000.0,2.548,unsat
d1a62a8688c6c4fabd0dec3770ce40dd,1.496,2.237,2.751,sat
d1f4348ad66cae01386777daae51c024,650.45,2000.0,2000.0,unsat
d3529338d35aa27e8024932d3b5f64b5,7.018,17.964,25.609,sat
d3daba681653ea969bedf0c4a2fdb947,4.575,23.987,7.781,unsat
d46c3fc9e953d4f84e8a18e52e29e7b7,2000.0,405.753,2000.0,sat
d5efaaee0197822c2676e45bac5068b2,8.288,16.424,35.464,sat
d60f56735dc8e89d7d91a01f4340df0c,302.055,150.011,124.071,unsat
d6402b482a5dc102a5b09360689e2be8,7.483,19.103,12.555,unsat
d66ab8bce1b8979dbd26b3c220e817be,603.561,2000.0,2000.0,sat
d7f381cd99ca40ba3324c8cc03a54269,8.488,1.148,10.619,unsat
d84a89fb1bc1ff37dc4737867257b290,1.383,66.395,2.434,sat
d89718e39ff99638c2882b47988120cd,1.697,2.9,2000.0,sat
d89f0a7a08f9b60579b26b01e2196394,2000.0,2000.0,2000.0,unsat
d8f131a86243ef138af39abf52a479e5,14.814,17.448,37.354,sat
d8fa4265b93d0931ba6484e3cc0d7ab1,25.098,42.943,41.458,unsat
da43a3ef0ef5d34143e765d480dedc7a,7.795,31.928,14.364,unsat
db4a0d4ba26c46d66ad6cdcb0645a4d9,6.601,34.842,8.44,unsat
dbe18c99e95ac42816b99b96d36a8732,202.904,494.622,393.711,unsat
dd169198070f9aa35015de65e8209a05,1.779,2000.0,3.779,unsat
dd6ef995af0267ce71076250a1226801,359.556,2000.0,876.844,unsat
ddd3b43476c18cf483aac233d4dc1c68,6.791,14.735,18.485,sat
deef4e5f8bf88393cea9589dff97d70c,278.914,315.104,2000.0,sat
df237594dc22b8f7cad2c4b38a23e40c,616.945,800.081,2000.0,sat
e444548857eaf649c4624e3494c89c8e,59.734,20.192,51.592,unsat
e46bdd62b3789b64f7fbb3bd6c99484e,2000.0,2000.0,2000.0,unknown
e51a98d78f61103e0672579e87cfd7e5,19.791,23.768,212.625,unsat
e5a72ac8f4880702a4deacc7854318e8,118.78,66.677,107.417,unsat
e6d247292b525447a220323901842e4c,2000.0,2000.0,2000.0,unknown
e966bddd11e46b735f8520f8304e368e,12.226,17.177,29.709,sat
ea5b47b3ffb3b8cb77a2cff83cc1ffba,2000.0,2000.0,2000.0,unknown
eaf2f0803dd2045f1b189ee834ef0c8f,2000.0,2000.0,2000.0,unknown
eca3692344e30ae83a49158b5baf3372,1.555,3.022,2000.0,sat
ed76b075cdf07435c6e4f6203dd10cb7,1.276,68.955,2.65,sat
eec821f866557886a5b0352332943fa2,1.268,7.884,2.679,sat
eecdcc36d35f06224cc972cbb08de804,1.296,6.326,2.953,sat
f02379d63678798e38dcc52b043cc51d,19.997,4.156,15.562,sat
f0895a5904fb97278b7b54733ee1dabb,1.755,2.787,2000.0,sat
f08b3567642ea029452fff2c1d10c132,31.726,46.041,33.815,unsat
f090d0d6eaff3b92c817f5db6fa47544,2000.0,2000.0,2000.0,unknown
f20c2aa0f9cced05a74031e0a3afaa1a,9.876,15.541,31.483,sat
f26f199564d6ffac7e700c2e66470ec0,326.155,520.299,44.591,sat
f35ed23733431177436a1e7797c07dfe,1.38,89.595,2.451,sat
f4064d73fd6e69caf154046e61fea7b8,2000.0,2000.0,2000.0,unknown
f448874997bae64bd455fb00309dc738,3.49,4.107,3.454,sat
f55acea8f0d207becbbbd26a11d97841,90.713,261.32,255.653,unsat
f57aba96bfed8f8a8b860eba1a8f1ea5,2000.0,2000.0,931.006,sat
f88afbcd8b4c29a8c1b3518caa4e949c,2000.0,2000.0,2000.0,unknown
f959755d7c68ea8b64d900e589fbe21f,5.964,13.132,81.417,sat
fab0db1ab0dd5baa3215aab51ab69355,1.775,2.752,2000.0,sat
faeb113864d97ea4cb3f01f95d2fe92f,1.285,14.468,2.537,sat
fb5d0254bc4b8d258eb84ea1dbcdda13,2000.0,2000.0,2000.0,unknown
fd1fbc1b090c14746a883b3a17259743,4.745,6.219,5.43,unsat
fd2af7622798171f23a4b8d2616df55e,1.172,2000.0,2.535,unsat
fdc5aa7c150fd1c49ad3b50433277528,2000.0,347.063,2000.0,sat
fdfcd52a21824b7181d66672f283ba04,1.391,1.888,2.738,sat
fe19a31b76cbba5901e16ce36c7578ed,1.274,1.687,2.963,unsat
fe8b1ef742724947620a419d0180a640,54.392,1.228,126.666,unsat
fee70cede2b5b55bfbdb6e48fbe7ce4f,1.918,3.29,6.56,sat
ff5170c690129f8c94658e82b6aab05c,1.62,2000.0,3.144,unsat
ff867fd35aa52058382a8b0c21cd1f38,320.449,1.125,2000.0,unsat
